family,arm,level,sweepId,rootSeed,cellIndex,replicateIndex,runSeed,strategy,status,terminalReason,ticksRun,referenceNodesKnown,referenceNodesGained,referenceNodesGainedFinalQuarter,referenceLibraryDepth,referenceGrimoires,referenceKnowledgeInstances,referenceLivingMages,referencePopulation,referencePopulationChange,referencePeakPopulation
species,all-six,0,integration-r2-species-v1,20260811,0,0,2723499704,passive-control,truncated,0,2400,51,50,0,36,66,2292,54,17578,17506,17578
species,all-six,0,integration-r2-species-v1,20260811,0,1,1082968169,uniform-random-legal,truncated,0,2400,63,62,0,34,240,6232,390,24773,24701,24773
species,all-six,0,integration-r2-species-v1,20260811,0,2,3737403930,permissive-breadth,ascended,2,1202,194,193,11,102,524,4972,45,1515,1443,1515
species,all-six,0,integration-r2-species-v1,20260811,0,3,2096872395,narrow-depth,stagnated,3,525,3,2,0,3,65,116,20,231,159,231
species,all-six,0,integration-r2-species-v1,20260811,0,4,456340860,denial-warden,stagnated,3,506,3,2,0,3,15,15,23,240,168,240
species,all-six,0,integration-r2-species-v1,20260811,0,5,3110776621,archivist,truncated,0,2400,51,50,0,51,586,6144,2159,11962,11890,11962
species,all-six,0,integration-r2-species-v1,20260811,0,6,1470245086,portal-rush,truncated,0,2400,58,57,0,0,188,886,15,17648,17576,17648
species,all-six,0,integration-r2-species-v1,20260811,0,7,4124680847,worship-maximizer,truncated,0,2400,51,50,0,49,72,2514,68,17611,17539,17611
species,all-six,0,integration-r2-species-v1,20260811,0,8,2484149312,idle-then-declare,truncated,0,2400,51,50,0,41,98,2246,63,17639,17567,17639
species,all-six,0,integration-r2-species-v1,20260811,0,9,843617777,permit-then-idle,ascended,2,1202,195,194,32,66,657,6601,76,1573,1501,1573
species,all-six,0,integration-r2-species-v1,20260811,0,10,3498053538,passive-control,truncated,0,2400,51,50,0,39,87,2301,65,17760,17688,17760
species,all-six,0,integration-r2-species-v1,20260811,0,11,1857522003,uniform-random-legal,truncated,0,2400,63,62,0,51,376,6208,436,23303,23231,23303
species,all-six,0,integration-r2-species-v1,20260811,0,12,216990468,permissive-breadth,ascended,2,1682,208,207,22,76,211,4808,47,9269,9197,9269
species,all-six,0,integration-r2-species-v1,20260811,0,13,2871426229,narrow-depth,stagnated,3,526,4,3,0,4,75,130,18,265,193,265
species,all-six,0,integration-r2-species-v1,20260811,0,14,1230894694,denial-warden,stagnated,3,504,2,1,-1,2,5,5,19,244,172,244
species,all-six,0,integration-r2-species-v1,20260811,0,15,3885330455,archivist,truncated,0,2400,51,50,0,1,1,6144,2650,14665,14593,14665
species,all-six,0,integration-r2-species-v1,20260811,0,16,2244798920,portal-rush,truncated,0,2400,44,43,-9,20,284,660,16,17796,17724,17796
species,all-six,0,integration-r2-species-v1,20260811,0,17,604267385,worship-maximizer,truncated,0,2400,51,50,0,34,98,2549,60,17515,17443,17515
species,all-six,0,integration-r2-species-v1,20260811,0,18,3258703146,idle-then-declare,truncated,0,2400,51,50,0,49,77,2531,67,18444,18372,18444
species,all-six,0,integration-r2-species-v1,20260811,0,19,1618171611,permit-then-idle,ascended,2,962,194,193,32,56,743,5298,58,987,915,987
species,all-six,0,integration-r2-species-v1,20260811,0,20,4272607372,passive-control,truncated,0,2400,51,50,0,31,113,2748,72,18231,18159,18231
species,all-six,0,integration-r2-species-v1,20260811,0,21,2632075837,uniform-random-legal,truncated,0,2400,63,62,0,51,752,6209,233,21870,21798,21870
species,all-six,0,integration-r2-species-v1,20260811,0,22,991544302,permissive-breadth,ascended,2,1202,213,212,33,81,484,4677,31,3163,3091,3163
species,all-six,0,integration-r2-species-v1,20260811,0,23,3645980063,narrow-depth,stagnated,3,524,6,5,0,6,62,121,18,304,232,304
species,all-six,0,integration-r2-species-v1,20260811,0,24,2005448528,denial-warden,stagnated,3,506,2,1,0,2,54,54,15,182,110,182
species,all-six,0,integration-r2-species-v1,20260811,0,25,364916993,archivist,truncated,0,2400,51,50,0,48,366,6144,2566,10583,10511,10583
species,all-six,0,integration-r2-species-v1,20260811,0,26,3019352754,portal-rush,truncated,0,2400,61,60,9,0,148,950,20,17762,17690,17762
species,all-six,0,integration-r2-species-v1,20260811,0,27,1378821219,worship-maximizer,truncated,0,2400,51,50,0,17,82,2178,58,17627,17555,17627
species,all-six,0,integration-r2-species-v1,20260811,0,28,4033256980,idle-then-declare,truncated,0,2400,51,50,0,27,51,2244,59,17886,17814,17886
species,all-six,0,integration-r2-species-v1,20260811,0,29,2392725445,permit-then-idle,ascended,2,962,195,194,29,51,234,4051,51,1245,1173,1245
species,all-six,0,integration-r2-species-v1,20260811,0,30,752193910,passive-control,truncated,0,2400,51,50,0,49,100,2724,73,17887,17815,17887
species,all-six,0,integration-r2-species-v1,20260811,0,31,3406629671,uniform-random-legal,truncated,0,2400,62,61,0,36,315,6240,392,24136,24064,24136
species,all-six,0,integration-r2-species-v1,20260811,0,32,1766098136,permissive-breadth,ascended,2,1202,213,212,33,61,821,4565,52,2303,2231,2303
species,all-six,0,integration-r2-species-v1,20260811,0,33,125566601,narrow-depth,stagnated,3,525,6,5,0,6,72,107,16,257,185,257
species,all-six,0,integration-r2-species-v1,20260811,0,34,2780002362,denial-warden,stagnated,3,505,3,2,0,3,21,21,24,262,190,262
species,all-six,0,integration-r2-species-v1,20260811,0,35,1139470827,archivist,truncated,0,2400,51,50,0,39,357,6144,2718,16253,16181,16253
species,all-six,0,integration-r2-species-v1,20260811,0,36,3793906588,portal-rush,truncated,0,2400,58,57,1,30,333,973,19,17423,17351,17423
species,all-six,0,integration-r2-species-v1,20260811,0,37,2153375053,worship-maximizer,truncated,0,2400,51,50,0,40,122,2450,60,17639,17567,17639
species,all-six,0,integration-r2-species-v1,20260811,0,38,512843518,idle-then-declare,truncated,0,2400,51,50,0,45,52,2931,71,17923,17851,17923
species,all-six,0,integration-r2-species-v1,20260811,0,39,3167279279,permit-then-idle,ascended,2,1202,216,215,38,134,879,5799,48,2488,2416,2488
species,all-six,0,integration-r2-species-v1,20260811,0,40,1526747744,passive-control,truncated,0,2400,51,50,0,40,49,2917,74,18319,18247,18319
species,all-six,0,integration-r2-species-v1,20260811,0,41,4181183505,uniform-random-legal,truncated,0,2400,63,62,0,40,245,6224,323,23211,23139,23211
species,all-six,0,integration-r2-species-v1,20260811,0,42,2540651970,permissive-breadth,ascended,1,1668,216,215,4,81,390,6321,47,11266,11194,11266
species,all-six,0,integration-r2-species-v1,20260811,0,43,900120435,narrow-depth,stagnated,3,526,6,5,0,6,48,96,16,293,221,293
species,all-six,0,integration-r2-species-v1,20260811,0,44,3554556196,denial-warden,stagnated,3,504,2,1,0,2,15,15,21,222,150,222
species,all-six,0,integration-r2-species-v1,20260811,0,45,1914024661,archivist,truncated,0,2400,51,50,0,51,484,6144,2395,14756,14684,14756
species,all-six,0,integration-r2-species-v1,20260811,0,46,273493126,portal-rush,truncated,0,2400,48,47,-11,18,338,566,7,17502,17430,17502
species,all-six,0,integration-r2-species-v1,20260811,0,47,2927928887,worship-maximizer,truncated,0,2400,51,50,0,27,80,2480,63,17668,17596,17668
species,all-six,0,integration-r2-species-v1,20260811,0,48,1287397352,idle-then-declare,truncated,0,2400,51,50,0,51,113,2644,69,17720,17648,17720
species,all-six,0,integration-r2-species-v1,20260811,0,49,3941833113,permit-then-idle,ascended,2,1202,213,212,37,130,316,5205,42,2805,2733,2805
species,all-six,0,integration-r2-species-v1,20260811,0,50,2301301578,passive-control,truncated,0,2400,51,50,0,17,59,2335,62,17904,17832,17904
species,all-six,0,integration-r2-species-v1,20260811,0,51,660770043,uniform-random-legal,truncated,0,2400,63,62,0,38,261,6212,288,24495,24423,24495
species,all-six,0,integration-r2-species-v1,20260811,0,52,3315205804,permissive-breadth,ascended,2,1202,209,208,22,118,461,5896,58,2614,2542,2614
species,all-six,0,integration-r2-species-v1,20260811,0,53,1674674269,narrow-depth,stagnated,3,525,6,5,0,6,73,129,19,334,262,334
species,all-six,0,integration-r2-species-v1,20260811,0,54,34142734,denial-warden,truncated,0,2400,0,-1,-1,0,0,0,59,17298,17226,17298
species,all-six,0,integration-r2-species-v1,20260811,0,55,2688578495,archivist,truncated,0,2400,51,50,0,46,482,6144,2216,12026,11954,12026
species,all-six,0,integration-r2-species-v1,20260811,0,56,1048046960,portal-rush,truncated,0,2400,53,52,0,17,359,1024,21,17944,17872,17944
species,all-six,0,integration-r2-species-v1,20260811,0,57,3702482721,worship-maximizer,truncated,0,2400,51,50,0,15,29,2778,71,18260,18188,18260
species,all-six,0,integration-r2-species-v1,20260811,0,58,2061951186,idle-then-declare,truncated,0,2400,51,50,0,23,55,2671,65,17959,17887,17959
species,all-six,0,integration-r2-species-v1,20260811,0,59,421419651,permit-then-idle,ascended,2,1202,212,211,34,96,599,6721,65,2426,2354,2426
species,all-six,0,integration-r2-species-v1,20260811,0,60,3075855412,passive-control,truncated,0,2400,51,50,0,49,85,2941,70,17772,17700,17772
species,all-six,0,integration-r2-species-v1,20260811,0,61,1435323877,uniform-random-legal,truncated,0,2400,62,61,0,33,124,6208,508,25417,25345,25417
species,all-six,0,integration-r2-species-v1,20260811,0,62,4089759638,permissive-breadth,ascended,2,1202,191,190,27,48,894,4753,61,2322,2250,2322
species,all-six,0,integration-r2-species-v1,20260811,0,63,2449228103,narrow-depth,stagnated,3,525,6,5,0,6,75,120,20,312,240,312
species,all-six,0,integration-r2-species-v1,20260811,0,64,808696568,denial-warden,truncated,0,2400,0,-1,0,0,0,0,70,17649,17577,17649
species,all-six,0,integration-r2-species-v1,20260811,0,65,3463132329,archivist,truncated,0,2400,51,50,0,26,164,6144,2746,13804,13732,13804
species,all-six,0,integration-r2-species-v1,20260811,0,66,1822600794,portal-rush,truncated,0,2400,44,43,-2,22,412,556,11,17595,17523,17595
species,all-six,0,integration-r2-species-v1,20260811,0,67,182069259,worship-maximizer,truncated,0,2400,51,50,0,42,66,2685,67,17618,17546,17618
species,all-six,0,integration-r2-species-v1,20260811,0,68,2836505020,idle-then-declare,truncated,0,2400,51,50,0,36,46,3120,85,18185,18113,18185
species,all-six,0,integration-r2-species-v1,20260811,0,69,1195973485,permit-then-idle,ascended,2,1202,217,216,35,98,307,5282,38,2787,2715,2787
species,all-six,0,integration-r2-species-v1,20260811,0,70,3850409246,passive-control,truncated,0,2400,51,50,0,42,73,2496,70,17998,17926,17998
species,all-six,0,integration-r2-species-v1,20260811,0,71,2209877711,uniform-random-legal,truncated,0,2400,63,62,0,46,267,6232,429,22964,22892,22964
species,all-six,0,integration-r2-species-v1,20260811,0,72,569346176,permissive-breadth,ascended,2,962,191,190,27,92,666,6441,66,1076,1004,1076
species,all-six,0,integration-r2-species-v1,20260811,0,73,3223781937,narrow-depth,stagnated,3,525,6,5,0,6,45,74,15,193,121,193
species,all-six,0,integration-r2-species-v1,20260811,0,74,1583250402,denial-warden,stagnated,3,506,2,1,-3,2,3,3,24,312,240,312
species,all-six,0,integration-r2-species-v1,20260811,0,75,4237686163,archivist,truncated,0,2400,51,50,0,51,477,6144,2526,15436,15364,15436
species,all-six,0,integration-r2-species-v1,20260811,0,76,2597154628,portal-rush,truncated,0,2400,56,55,18,0,264,1108,26,18002,17930,18002
species,all-six,0,integration-r2-species-v1,20260811,0,77,956623093,worship-maximizer,truncated,0,2400,51,50,0,51,90,2720,67,18277,18205,18277
species,all-six,0,integration-r2-species-v1,20260811,0,78,3611058854,idle-then-declare,truncated,0,2400,51,50,0,39,44,2880,66,17971,17899,17971
species,all-six,0,integration-r2-species-v1,20260811,0,79,1970527319,permit-then-idle,ascended,2,962,201,200,31,100,558,4458,63,1140,1068,1140
species,all-six,0,integration-r2-species-v1,20260811,0,80,329995784,passive-control,truncated,0,2400,51,50,0,28,40,2708,73,18599,18527,18599
species,all-six,0,integration-r2-species-v1,20260811,0,81,2984431545,uniform-random-legal,truncated,0,2400,63,62,0,47,523,6220,488,26292,26220,26292
species,all-six,0,integration-r2-species-v1,20260811,0,82,1343900010,permissive-breadth,ascended,2,1202,191,190,31,23,187,3533,24,2428,2356,2428
species,all-six,0,integration-r2-species-v1,20260811,0,83,3998335771,narrow-depth,stagnated,3,525,6,5,0,6,61,108,14,213,141,213
species,all-six,0,integration-r2-species-v1,20260811,0,84,2357804236,denial-warden,truncated,0,2400,0,-1,-2,0,0,0,82,17914,17842,17914
species,all-six,0,integration-r2-species-v1,20260811,0,85,717272701,archivist,truncated,0,2400,51,50,0,10,235,6144,2505,17658,17586,17658
species,all-six,0,integration-r2-species-v1,20260811,0,86,3371708462,portal-rush,truncated,0,2400,61,60,0,0,220,633,16,18058,17986,18058
species,all-six,0,integration-r2-species-v1,20260811,0,87,1731176927,worship-maximizer,truncated,0,2400,51,50,0,32,75,2664,62,17678,17606,17678
species,all-six,0,integration-r2-species-v1,20260811,0,88,90645392,idle-then-declare,truncated,0,2400,51,50,0,46,54,2558,72,18103,18031,18103
species,all-six,0,integration-r2-species-v1,20260811,0,89,2745081153,permit-then-idle,ascended,2,1202,197,196,26,138,527,5231,49,2023,1951,2023
species,all-six,0,integration-r2-species-v1,20260811,0,90,1104549618,passive-control,truncated,0,2400,51,50,0,43,86,2374,64,17301,17229,17301
species,all-six,0,integration-r2-species-v1,20260811,0,91,3758985379,uniform-random-legal,truncated,0,2400,62,61,0,28,135,6248,439,21955,21883,21955
species,all-six,0,integration-r2-species-v1,20260811,0,92,2118453844,permissive-breadth,ascended,2,1202,213,212,30,104,785,6289,67,2391,2319,2391
species,all-six,0,integration-r2-species-v1,20260811,0,93,477922309,narrow-depth,stagnated,3,526,4,3,0,4,93,142,23,266,194,266
species,all-six,0,integration-r2-species-v1,20260811,0,94,3132358070,denial-warden,truncated,0,2400,2,1,-1,2,14,14,72,18537,18465,18537
species,all-six,0,integration-r2-species-v1,20260811,0,95,1491826535,archivist,truncated,0,2400,51,50,0,51,326,6144,2197,13089,13017,13089
species,all-six,0,integration-r2-species-v1,20260811,0,96,4146262296,portal-rush,truncated,0,2400,51,50,19,0,84,1747,40,17699,17627,17699
species,all-six,0,integration-r2-species-v1,20260811,0,97,2505730761,worship-maximizer,truncated,0,2400,51,50,0,45,66,2438,64,17310,17238,17310
species,all-six,0,integration-r2-species-v1,20260811,0,98,865199226,idle-then-declare,truncated,0,2400,51,50,0,49,92,2684,64,17841,17769,17841
species,all-six,0,integration-r2-species-v1,20260811,0,99,3519634987,permit-then-idle,ascended,2,1202,192,191,24,30,273,6303,61,2141,2069,2141
species,draconic,1,integration-r2-species-v1,20260811,0,0,2723499704,passive-control,stagnated,3,2391,48,47,2,0,0,48,5,11,-1,12
species,draconic,1,integration-r2-species-v1,20260811,0,1,1082968169,uniform-random-legal,truncated,0,2400,25,24,1,25,208,268,4,11,-1,12
species,draconic,1,integration-r2-species-v1,20260811,0,2,3737403930,permissive-breadth,truncated,0,2400,141,140,24,0,0,141,5,18,6,18
species,draconic,1,integration-r2-species-v1,20260811,0,3,2096872395,narrow-depth,stagnated,3,511,1,0,0,0,0,1,4,14,2,14
species,draconic,1,integration-r2-species-v1,20260811,0,4,456340860,denial-warden,stagnated,3,537,0,-1,0,0,0,0,4,12,0,12
species,draconic,1,integration-r2-species-v1,20260811,0,5,3110776621,archivist,stagnated,3,949,0,-1,0,0,0,0,4,18,6,18
species,draconic,1,integration-r2-species-v1,20260811,0,6,1470245086,portal-rush,stagnated,3,481,1,0,0,0,0,1,4,9,-3,12
species,draconic,1,integration-r2-species-v1,20260811,0,7,4124680847,worship-maximizer,stagnated,3,481,1,0,0,0,0,1,5,10,-2,12
species,draconic,1,integration-r2-species-v1,20260811,0,8,2484149312,idle-then-declare,stagnated,3,481,1,0,0,0,0,1,4,9,-3,12
species,draconic,1,integration-r2-species-v1,20260811,0,9,843617777,permit-then-idle,stagnated,3,481,1,0,0,0,0,1,5,8,-4,12
species,draconic,1,integration-r2-species-v1,20260811,0,10,3498053538,passive-control,stagnated,3,481,1,0,0,0,0,1,5,11,-1,12
species,draconic,1,integration-r2-species-v1,20260811,0,11,1857522003,uniform-random-legal,stagnated,3,767,11,10,-1,0,0,28,3,15,3,15
species,draconic,1,integration-r2-species-v1,20260811,0,12,216990468,permissive-breadth,stagnated,3,481,0,-1,0,0,0,0,3,10,-2,12
species,draconic,1,integration-r2-species-v1,20260811,0,13,2871426229,narrow-depth,stagnated,3,492,0,-1,0,0,0,0,5,8,-4,12
species,draconic,1,integration-r2-species-v1,20260811,0,14,1230894694,denial-warden,stagnated,3,562,0,-1,0,0,0,0,5,13,1,13
species,draconic,1,integration-r2-species-v1,20260811,0,15,3885330455,archivist,stagnated,3,481,1,0,0,0,0,1,4,9,-3,12
species,draconic,1,integration-r2-species-v1,20260811,0,16,2244798920,portal-rush,stagnated,3,481,1,0,0,0,0,1,5,10,-2,12
species,draconic,1,integration-r2-species-v1,20260811,0,17,604267385,worship-maximizer,stagnated,3,1918,46,45,1,0,0,46,4,17,5,18
species,draconic,1,integration-r2-species-v1,20260811,0,18,3258703146,idle-then-declare,stagnated,3,481,1,0,0,0,0,1,4,9,-3,12
species,draconic,1,integration-r2-species-v1,20260811,0,19,1618171611,permit-then-idle,truncated,0,2400,139,138,23,0,0,171,5,17,5,17
species,draconic,1,integration-r2-species-v1,20260811,0,20,4272607372,passive-control,stagnated,3,2395,48,47,2,0,0,48,4,24,12,24
species,draconic,1,integration-r2-species-v1,20260811,0,21,2632075837,uniform-random-legal,stagnated,3,746,17,16,0,14,105,124,4,8,-4,12
species,draconic,1,integration-r2-species-v1,20260811,0,22,991544302,permissive-breadth,stagnated,3,481,1,0,0,0,0,1,4,9,-3,12
species,draconic,1,integration-r2-species-v1,20260811,0,23,3645980063,narrow-depth,stagnated,3,492,0,-1,0,0,0,0,5,8,-4,12
species,draconic,1,integration-r2-species-v1,20260811,0,24,2005448528,denial-warden,stagnated,3,492,0,-1,0,0,0,0,5,10,-2,12
species,draconic,1,integration-r2-species-v1,20260811,0,25,364916993,archivist,stagnated,3,481,1,0,0,0,0,1,4,11,-1,12
species,draconic,1,integration-r2-species-v1,20260811,0,26,3019352754,portal-rush,stagnated,3,481,1,0,0,0,0,1,5,12,0,12
species,draconic,1,integration-r2-species-v1,20260811,0,27,1378821219,worship-maximizer,stagnated,3,481,1,0,0,0,0,1,5,9,-3,12
species,draconic,1,integration-r2-species-v1,20260811,0,28,4033256980,idle-then-declare,stagnated,3,2390,48,47,2,0,0,48,4,25,13,25
species,draconic,1,integration-r2-species-v1,20260811,0,29,2392725445,permit-then-idle,truncated,0,2400,141,140,24,0,0,141,4,22,10,23
species,draconic,1,integration-r2-species-v1,20260811,0,30,752193910,passive-control,stagnated,3,481,1,0,0,0,0,1,5,10,-2,12
species,draconic,1,integration-r2-species-v1,20260811,0,31,3406629671,uniform-random-legal,stagnated,3,1147,22,21,0,0,0,22,5,10,-2,12
species,draconic,1,integration-r2-species-v1,20260811,0,32,1766098136,permissive-breadth,truncated,0,2400,141,140,24,0,0,141,5,12,0,12
species,draconic,1,integration-r2-species-v1,20260811,0,33,125566601,narrow-depth,stagnated,3,492,0,-1,0,0,0,0,4,10,-2,12
species,draconic,1,integration-r2-species-v1,20260811,0,34,2780002362,denial-warden,stagnated,3,492,0,-1,0,0,0,0,5,8,-4,12
species,draconic,1,integration-r2-species-v1,20260811,0,35,1139470827,archivist,stagnated,3,705,14,13,0,0,0,14,4,8,-4,12
species,draconic,1,integration-r2-species-v1,20260811,0,36,3793906588,portal-rush,stagnated,3,481,1,0,0,0,0,1,5,11,-1,12
species,draconic,1,integration-r2-species-v1,20260811,0,37,2153375053,worship-maximizer,stagnated,3,2022,48,47,1,0,0,48,5,17,5,17
species,draconic,1,integration-r2-species-v1,20260811,0,38,512843518,idle-then-declare,stagnated,3,2303,47,46,1,0,0,47,4,19,7,19
species,draconic,1,integration-r2-species-v1,20260811,0,39,3167279279,permit-then-idle,truncated,0,2400,135,134,24,0,0,277,3,17,5,17
species,draconic,1,integration-r2-species-v1,20260811,0,40,1526747744,passive-control,stagnated,3,2393,48,47,2,48,288,336,4,11,-1,12
species,draconic,1,integration-r2-species-v1,20260811,0,41,4181183505,uniform-random-legal,stagnated,3,698,12,11,0,0,0,12,5,14,2,14
species,draconic,1,integration-r2-species-v1,20260811,0,42,2540651970,permissive-breadth,truncated,0,2400,142,141,25,0,0,142,4,10,-2,12
species,draconic,1,integration-r2-species-v1,20260811,0,43,900120435,narrow-depth,stagnated,3,532,2,1,0,0,0,2,5,10,-2,12
species,draconic,1,integration-r2-species-v1,20260811,0,44,3554556196,denial-warden,stagnated,3,481,0,-1,0,0,0,0,5,8,-4,12
species,draconic,1,integration-r2-species-v1,20260811,0,45,1914024661,archivist,stagnated,3,481,1,0,0,0,0,1,5,9,-3,12
species,draconic,1,integration-r2-species-v1,20260811,0,46,273493126,portal-rush,stagnated,3,481,1,0,0,0,0,1,4,8,-4,12
species,draconic,1,integration-r2-species-v1,20260811,0,47,2927928887,worship-maximizer,stagnated,3,481,1,0,0,0,0,1,4,13,1,13
species,draconic,1,integration-r2-species-v1,20260811,0,48,1287397352,idle-then-declare,stagnated,3,1835,42,41,0,42,376,418,4,9,-3,12
species,draconic,1,integration-r2-species-v1,20260811,0,49,3941833113,permit-then-idle,stagnated,3,481,1,0,0,0,0,1,5,9,-3,12
species,draconic,1,integration-r2-species-v1,20260811,0,50,2301301578,passive-control,stagnated,3,481,1,0,0,0,0,1,4,12,0,12
species,draconic,1,integration-r2-species-v1,20260811,0,51,660770043,uniform-random-legal,stagnated,3,658,12,11,0,0,0,32,3,10,-2,12
species,draconic,1,integration-r2-species-v1,20260811,0,52,3315205804,permissive-breadth,stagnated,3,481,1,0,0,0,0,1,4,10,-2,12
species,draconic,1,integration-r2-species-v1,20260811,0,53,1674674269,narrow-depth,stagnated,3,511,1,0,0,0,0,1,4,9,-3,12
species,draconic,1,integration-r2-species-v1,20260811,0,54,34142734,denial-warden,stagnated,3,481,0,-1,0,0,0,0,5,9,-3,12
species,draconic,1,integration-r2-species-v1,20260811,0,55,2688578495,archivist,stagnated,3,481,1,0,0,0,0,1,4,11,-1,12
species,draconic,1,integration-r2-species-v1,20260811,0,56,1048046960,portal-rush,stagnated,3,481,1,0,0,0,0,1,4,13,1,13
species,draconic,1,integration-r2-species-v1,20260811,0,57,3702482721,worship-maximizer,stagnated,3,481,1,0,0,0,0,1,4,13,1,13
species,draconic,1,integration-r2-species-v1,20260811,0,58,2061951186,idle-then-declare,truncated,0,2400,50,49,4,0,0,50,4,21,9,21
species,draconic,1,integration-r2-species-v1,20260811,0,59,421419651,permit-then-idle,truncated,0,2400,141,140,24,0,0,141,3,13,1,13
species,draconic,1,integration-r2-species-v1,20260811,0,60,3075855412,passive-control,stagnated,3,481,1,0,0,0,0,1,4,10,-2,12
species,draconic,1,integration-r2-species-v1,20260811,0,61,1435323877,uniform-random-legal,stagnated,3,811,12,11,0,0,0,14,3,11,-1,12
species,draconic,1,integration-r2-species-v1,20260811,0,62,4089759638,permissive-breadth,stagnated,3,1154,0,-1,0,0,0,0,3,9,-3,12
species,draconic,1,integration-r2-species-v1,20260811,0,63,2449228103,narrow-depth,stagnated,3,481,0,-1,0,0,0,0,4,10,-2,12
species,draconic,1,integration-r2-species-v1,20260811,0,64,808696568,denial-warden,stagnated,3,492,0,-1,0,0,0,0,4,10,-2,12
species,draconic,1,integration-r2-species-v1,20260811,0,65,3463132329,archivist,stagnated,3,481,1,0,0,0,0,1,4,13,1,13
species,draconic,1,integration-r2-species-v1,20260811,0,66,1822600794,portal-rush,stagnated,3,481,1,0,0,0,0,1,4,7,-5,12
species,draconic,1,integration-r2-species-v1,20260811,0,67,182069259,worship-maximizer,stagnated,3,1912,46,45,1,0,0,46,4,14,2,14
species,draconic,1,integration-r2-species-v1,20260811,0,68,2836505020,idle-then-declare,stagnated,3,481,1,0,0,0,0,1,5,11,-1,12
species,draconic,1,integration-r2-species-v1,20260811,0,69,1195973485,permit-then-idle,truncated,0,2400,139,138,24,0,0,184,4,16,4,16
species,draconic,1,integration-r2-species-v1,20260811,0,70,3850409246,passive-control,truncated,0,2400,50,49,4,0,0,50,4,18,6,20
species,draconic,1,integration-r2-species-v1,20260811,0,71,2209877711,uniform-random-legal,stagnated,3,629,13,12,0,0,0,48,4,14,2,14
species,draconic,1,integration-r2-species-v1,20260811,0,72,569346176,permissive-breadth,truncated,0,2400,141,140,24,0,0,141,5,13,1,13
species,draconic,1,integration-r2-species-v1,20260811,0,73,3223781937,narrow-depth,stagnated,3,481,0,-1,0,0,0,0,5,9,-3,12
species,draconic,1,integration-r2-species-v1,20260811,0,74,1583250402,denial-warden,stagnated,3,537,0,-1,0,0,0,0,5,8,-4,12
species,draconic,1,integration-r2-species-v1,20260811,0,75,4237686163,archivist,stagnated,3,481,1,0,0,0,0,5,5,10,-2,12
species,draconic,1,integration-r2-species-v1,20260811,0,76,2597154628,portal-rush,stagnated,3,481,1,0,0,0,0,1,5,10,-2,12
species,draconic,1,integration-r2-species-v1,20260811,0,77,956623093,worship-maximizer,stagnated,3,1508,0,-1,0,0,0,0,3,9,-3,12
species,draconic,1,integration-r2-species-v1,20260811,0,78,3611058854,idle-then-declare,stagnated,3,2387,48,47,2,48,318,366,4,12,0,12
species,draconic,1,integration-r2-species-v1,20260811,0,79,1970527319,permit-then-idle,stagnated,3,1323,73,72,0,73,443,534,4,14,2,14
species,draconic,1,integration-r2-species-v1,20260811,0,80,329995784,passive-control,stagnated,3,481,1,0,0,0,0,1,5,9,-3,12
species,draconic,1,integration-r2-species-v1,20260811,0,81,2984431545,uniform-random-legal,stagnated,3,672,15,14,0,9,36,55,5,10,-2,12
species,draconic,1,integration-r2-species-v1,20260811,0,82,1343900010,permissive-breadth,truncated,0,2400,140,139,23,0,0,140,5,21,9,21
species,draconic,1,integration-r2-species-v1,20260811,0,83,3998335771,narrow-depth,stagnated,3,511,1,0,0,0,0,1,4,12,0,12
species,draconic,1,integration-r2-species-v1,20260811,0,84,2357804236,denial-warden,stagnated,3,537,0,-1,0,0,0,0,4,10,-2,12
species,draconic,1,integration-r2-species-v1,20260811,0,85,717272701,archivist,stagnated,3,995,15,14,0,0,0,15,5,9,-3,12
species,draconic,1,integration-r2-species-v1,20260811,0,86,3371708462,portal-rush,stagnated,3,481,1,0,0,0,0,1,4,13,1,13
species,draconic,1,integration-r2-species-v1,20260811,0,87,1731176927,worship-maximizer,stagnated,3,481,1,0,0,0,0,1,5,10,-2,12
species,draconic,1,integration-r2-species-v1,20260811,0,88,90645392,idle-then-declare,stagnated,3,481,1,0,0,0,0,1,2,11,-1,12
species,draconic,1,integration-r2-species-v1,20260811,0,89,2745081153,permit-then-idle,truncated,0,2400,139,138,24,0,0,205,4,21,9,21
species,draconic,1,integration-r2-species-v1,20260811,0,90,1104549618,passive-control,truncated,0,2400,51,50,5,0,0,51,4,14,2,15
species,draconic,1,integration-r2-species-v1,20260811,0,91,3758985379,uniform-random-legal,stagnated,3,640,12,11,0,0,0,48,4,8,-4,12
species,draconic,1,integration-r2-species-v1,20260811,0,92,2118453844,permissive-breadth,truncated,0,2400,139,138,24,0,0,200,4,9,-3,12
species,draconic,1,integration-r2-species-v1,20260811,0,93,477922309,narrow-depth,stagnated,3,492,0,-1,0,0,0,0,5,10,-2,12
species,draconic,1,integration-r2-species-v1,20260811,0,94,3132358070,denial-warden,stagnated,3,492,0,-1,0,0,0,0,4,9,-3,12
species,draconic,1,integration-r2-species-v1,20260811,0,95,1491826535,archivist,stagnated,3,481,1,0,0,0,0,1,4,13,1,13
species,draconic,1,integration-r2-species-v1,20260811,0,96,4146262296,portal-rush,stagnated,3,481,0,-1,0,0,0,0,3,11,-1,12
species,draconic,1,integration-r2-species-v1,20260811,0,97,2505730761,worship-maximizer,stagnated,3,1955,47,46,1,0,0,47,4,15,3,15
species,draconic,1,integration-r2-species-v1,20260811,0,98,865199226,idle-then-declare,truncated,0,2400,51,50,5,51,75,126,4,14,2,15
species,draconic,1,integration-r2-species-v1,20260811,0,99,3519634987,permit-then-idle,stagnated,3,537,0,-1,0,0,0,0,4,8,-4,12
species,dwarf,2,integration-r2-species-v1,20260811,0,0,2723499704,passive-control,stagnated,3,1199,12,11,-36,12,30,42,2,58,46,58
species,dwarf,2,integration-r2-species-v1,20260811,0,1,1082968169,uniform-random-legal,stagnated,3,1020,24,23,0,15,15,39,1,172,160,172
species,dwarf,2,integration-r2-species-v1,20260811,0,2,3737403930,permissive-breadth,truncated,0,2400,126,125,-68,2,2,4565,49,3334,3322,3334
species,dwarf,2,integration-r2-species-v1,20260811,0,3,2096872395,narrow-depth,stagnated,3,511,3,2,0,3,414,415,2,43,31,43
species,dwarf,2,integration-r2-species-v1,20260811,0,4,456340860,denial-warden,stagnated,3,569,9,8,0,9,10,10,1,28,16,29
species,dwarf,2,integration-r2-species-v1,20260811,0,5,3110776621,archivist,stagnated,3,651,5,4,0,5,420,430,2,42,30,42
species,dwarf,2,integration-r2-species-v1,20260811,0,6,1470245086,portal-rush,stagnated,3,487,2,1,0,1,285,288,2,40,28,40
species,dwarf,2,integration-r2-species-v1,20260811,0,7,4124680847,worship-maximizer,stagnated,3,1156,51,50,0,4,9,128,3,59,47,59
species,dwarf,2,integration-r2-species-v1,20260811,0,8,2484149312,idle-then-declare,stagnated,3,481,1,0,0,1,414,416,2,45,33,45
species,dwarf,2,integration-r2-species-v1,20260811,0,9,843617777,permit-then-idle,truncated,0,2400,174,173,-19,11,12,5520,48,3564,3552,3564
species,dwarf,2,integration-r2-species-v1,20260811,0,10,3498053538,passive-control,stagnated,3,603,14,13,0,14,202,204,2,76,64,76
species,dwarf,2,integration-r2-species-v1,20260811,0,11,1857522003,uniform-random-legal,truncated,0,2400,63,62,17,1,17,5953,355,4115,4103,4115
species,dwarf,2,integration-r2-species-v1,20260811,0,12,216990468,permissive-breadth,stagnated,3,572,15,14,-6,15,92,93,1,36,24,36
species,dwarf,2,integration-r2-species-v1,20260811,0,13,2871426229,narrow-depth,stagnated,3,502,4,3,0,4,466,468,3,37,25,37
species,dwarf,2,integration-r2-species-v1,20260811,0,14,1230894694,denial-warden,stagnated,3,562,5,4,-1,5,46,46,2,47,35,47
species,dwarf,2,integration-r2-species-v1,20260811,0,15,3885330455,archivist,stagnated,3,481,1,0,0,1,416,418,2,53,41,53
species,dwarf,2,integration-r2-species-v1,20260811,0,16,2244798920,portal-rush,stagnated,3,485,2,1,0,0,0,2,3,36,24,37
species,dwarf,2,integration-r2-species-v1,20260811,0,17,604267385,worship-maximizer,stagnated,3,1101,47,46,0,6,10,99,8,220,208,220
species,dwarf,2,integration-r2-species-v1,20260811,0,18,3258703146,idle-then-declare,stagnated,3,481,1,0,0,1,451,453,2,37,25,37
species,dwarf,2,integration-r2-species-v1,20260811,0,19,1618171611,permit-then-idle,stagnated,3,481,1,0,0,1,480,482,3,44,32,44
species,dwarf,2,integration-r2-species-v1,20260811,0,20,4272607372,passive-control,stagnated,3,557,10,9,0,10,460,470,2,50,38,50
species,dwarf,2,integration-r2-species-v1,20260811,0,21,2632075837,uniform-random-legal,stagnated,3,704,31,30,0,31,362,419,2,42,30,42
species,dwarf,2,integration-r2-species-v1,20260811,0,22,991544302,permissive-breadth,truncated,0,2400,214,213,21,1,70,8156,54,5748,5736,5748
species,dwarf,2,integration-r2-species-v1,20260811,0,23,3645980063,narrow-depth,stagnated,3,501,4,3,0,4,471,473,3,31,19,31
species,dwarf,2,integration-r2-species-v1,20260811,0,24,2005448528,denial-warden,stagnated,3,515,1,0,0,1,95,95,2,51,39,51
species,dwarf,2,integration-r2-species-v1,20260811,0,25,364916993,archivist,stagnated,3,481,1,0,0,1,386,387,2,33,21,33
species,dwarf,2,integration-r2-species-v1,20260811,0,26,3019352754,portal-rush,stagnated,3,487,2,1,0,1,386,389,2,41,29,41
species,dwarf,2,integration-r2-species-v1,20260811,0,27,1378821219,worship-maximizer,stagnated,3,481,1,0,0,1,424,425,2,47,35,47
species,dwarf,2,integration-r2-species-v1,20260811,0,28,4033256980,idle-then-declare,stagnated,3,653,18,17,0,18,462,481,3,69,57,69
species,dwarf,2,integration-r2-species-v1,20260811,0,29,2392725445,permit-then-idle,stagnated,3,1289,1,0,0,1,12,13,1,204,192,204
species,dwarf,2,integration-r2-species-v1,20260811,0,30,752193910,passive-control,stagnated,3,1102,48,47,0,20,23,144,3,154,142,154
species,dwarf,2,integration-r2-species-v1,20260811,0,31,3406629671,uniform-random-legal,stagnated,3,752,12,11,0,9,15,28,3,27,15,27
species,dwarf,2,integration-r2-species-v1,20260811,0,32,1766098136,permissive-breadth,stagnated,3,481,1,0,0,1,458,459,3,38,26,38
species,dwarf,2,integration-r2-species-v1,20260811,0,33,125566601,narrow-depth,stagnated,3,516,2,1,0,2,237,239,2,41,29,41
species,dwarf,2,integration-r2-species-v1,20260811,0,34,2780002362,denial-warden,stagnated,3,558,1,0,0,1,91,91,2,50,38,50
species,dwarf,2,integration-r2-species-v1,20260811,0,35,1139470827,archivist,stagnated,3,491,3,2,0,3,364,373,3,15,3,15
species,dwarf,2,integration-r2-species-v1,20260811,0,36,3793906588,portal-rush,stagnated,3,486,2,1,0,0,0,4,2,33,21,33
species,dwarf,2,integration-r2-species-v1,20260811,0,37,2153375053,worship-maximizer,stagnated,3,1022,48,47,0,29,33,110,3,179,167,179
species,dwarf,2,integration-r2-species-v1,20260811,0,38,512843518,idle-then-declare,stagnated,3,1208,48,47,0,1,23,73,3,168,156,168
species,dwarf,2,integration-r2-species-v1,20260811,0,39,3167279279,permit-then-idle,stagnated,3,661,40,39,0,40,403,444,2,41,29,41
species,dwarf,2,integration-r2-species-v1,20260811,0,40,1526747744,passive-control,stagnated,3,1149,47,46,0,1,14,62,3,224,212,224
species,dwarf,2,integration-r2-species-v1,20260811,0,41,4181183505,uniform-random-legal,truncated,0,2400,63,62,18,2,38,5905,400,4188,4176,4188
species,dwarf,2,integration-r2-species-v1,20260811,0,42,2540651970,permissive-breadth,truncated,0,2400,103,102,16,1,23,3936,51,3943,3931,3943
species,dwarf,2,integration-r2-species-v1,20260811,0,43,900120435,narrow-depth,stagnated,3,501,4,3,0,4,444,446,3,41,29,41
species,dwarf,2,integration-r2-species-v1,20260811,0,44,3554556196,denial-warden,stagnated,3,504,4,3,0,4,50,50,3,56,44,56
species,dwarf,2,integration-r2-species-v1,20260811,0,45,1914024661,archivist,stagnated,3,481,1,0,0,1,405,406,3,26,14,26
species,dwarf,2,integration-r2-species-v1,20260811,0,46,273493126,portal-rush,stagnated,3,486,2,1,0,1,2,7,3,42,30,42
species,dwarf,2,integration-r2-species-v1,20260811,0,47,2927928887,worship-maximizer,stagnated,3,481,1,0,0,1,474,475,2,56,44,56
species,dwarf,2,integration-r2-species-v1,20260811,0,48,1287397352,idle-then-declare,stagnated,3,481,1,0,0,1,411,413,2,29,17,29
species,dwarf,2,integration-r2-species-v1,20260811,0,49,3941833113,permit-then-idle,truncated,0,2400,213,212,20,39,103,8426,56,4070,4058,4070
species,dwarf,2,integration-r2-species-v1,20260811,0,50,2301301578,passive-control,stagnated,3,500,4,3,0,4,251,255,1,29,17,29
species,dwarf,2,integration-r2-species-v1,20260811,0,51,660770043,uniform-random-legal,stagnated,3,715,12,11,0,5,15,30,3,75,63,75
species,dwarf,2,integration-r2-species-v1,20260811,0,52,3315205804,permissive-breadth,stagnated,3,481,1,0,0,1,480,482,2,48,36,48
species,dwarf,2,integration-r2-species-v1,20260811,0,53,1674674269,narrow-depth,stagnated,3,517,2,1,0,2,455,459,2,49,37,49
species,dwarf,2,integration-r2-species-v1,20260811,0,54,34142734,denial-warden,stagnated,3,562,1,0,0,1,64,64,1,39,27,39
species,dwarf,2,integration-r2-species-v1,20260811,0,55,2688578495,archivist,stagnated,3,481,1,0,0,1,381,383,3,25,13,25
species,dwarf,2,integration-r2-species-v1,20260811,0,56,1048046960,portal-rush,stagnated,3,491,3,2,0,0,0,5,3,38,26,38
species,dwarf,2,integration-r2-species-v1,20260811,0,57,3702482721,worship-maximizer,stagnated,3,1169,51,50,0,2,19,73,3,223,211,223
species,dwarf,2,integration-r2-species-v1,20260811,0,58,2061951186,idle-then-declare,stagnated,3,1180,48,47,0,20,33,101,3,177,165,177
species,dwarf,2,integration-r2-species-v1,20260811,0,59,421419651,permit-then-idle,truncated,0,2400,73,72,33,4,4,2885,43,2688,2676,2688
species,dwarf,2,integration-r2-species-v1,20260811,0,60,3075855412,passive-control,stagnated,3,691,1,0,0,1,60,61,1,45,33,45
species,dwarf,2,integration-r2-species-v1,20260811,0,61,1435323877,uniform-random-legal,stagnated,3,441,2,1,-10,2,74,74,0,31,19,31
species,dwarf,2,integration-r2-species-v1,20260811,0,62,4089759638,permissive-breadth,stagnated,3,640,1,0,0,0,0,1,1,48,36,48
species,dwarf,2,integration-r2-species-v1,20260811,0,63,2449228103,narrow-depth,stagnated,3,511,3,2,0,3,460,461,2,30,18,30
species,dwarf,2,integration-r2-species-v1,20260811,0,64,808696568,denial-warden,stagnated,3,505,1,0,0,1,79,79,3,27,15,27
species,dwarf,2,integration-r2-species-v1,20260811,0,65,3463132329,archivist,stagnated,3,487,2,1,0,1,32,36,2,33,21,33
species,dwarf,2,integration-r2-species-v1,20260811,0,66,1822600794,portal-rush,stagnated,3,487,2,1,0,0,0,3,2,29,17,29
species,dwarf,2,integration-r2-species-v1,20260811,0,67,182069259,worship-maximizer,stagnated,3,618,17,16,0,17,235,253,2,72,60,72
species,dwarf,2,integration-r2-species-v1,20260811,0,68,2836505020,idle-then-declare,stagnated,3,1244,1,0,-48,1,7,8,1,198,186,198
species,dwarf,2,integration-r2-species-v1,20260811,0,69,1195973485,permit-then-idle,stagnated,3,570,21,20,0,21,480,501,3,45,33,45
species,dwarf,2,integration-r2-species-v1,20260811,0,70,3850409246,passive-control,stagnated,3,634,18,17,0,18,466,484,2,60,48,60
species,dwarf,2,integration-r2-species-v1,20260811,0,71,2209877711,uniform-random-legal,stagnated,3,705,28,27,0,7,485,536,2,122,110,122
species,dwarf,2,integration-r2-species-v1,20260811,0,72,569346176,permissive-breadth,ascended,2,1202,158,157,21,5,17,447,12,388,376,396
species,dwarf,2,integration-r2-species-v1,20260811,0,73,3223781937,narrow-depth,stagnated,3,542,7,6,-1,7,410,420,3,60,48,60
species,dwarf,2,integration-r2-species-v1,20260811,0,74,1583250402,denial-warden,stagnated,3,564,0,-1,0,0,0,0,3,47,35,47
species,dwarf,2,integration-r2-species-v1,20260811,0,75,4237686163,archivist,truncated,0,2400,51,50,2,1,1,6116,792,3623,3611,3623
species,dwarf,2,integration-r2-species-v1,20260811,0,76,2597154628,portal-rush,stagnated,3,486,2,1,0,0,0,4,3,39,27,39
species,dwarf,2,integration-r2-species-v1,20260811,0,77,956623093,worship-maximizer,stagnated,3,1105,51,50,0,4,26,77,1,120,108,120
species,dwarf,2,integration-r2-species-v1,20260811,0,78,3611058854,idle-then-declare,stagnated,3,481,1,0,0,1,444,446,2,49,37,49
species,dwarf,2,integration-r2-species-v1,20260811,0,79,1970527319,permit-then-idle,stagnated,3,481,1,0,0,1,385,388,3,31,19,31
species,dwarf,2,integration-r2-species-v1,20260811,0,80,329995784,passive-control,stagnated,3,1274,51,50,0,16,18,146,3,169,157,169
species,dwarf,2,integration-r2-species-v1,20260811,0,81,2984431545,uniform-random-legal,stagnated,3,716,12,11,0,5,15,28,3,67,55,67
species,dwarf,2,integration-r2-species-v1,20260811,0,82,1343900010,permissive-breadth,truncated,0,2400,187,186,-7,37,143,8567,60,4674,4662,4674
species,dwarf,2,integration-r2-species-v1,20260811,0,83,3998335771,narrow-depth,stagnated,3,500,1,0,0,0,0,1,1,32,20,32
species,dwarf,2,integration-r2-species-v1,20260811,0,84,2357804236,denial-warden,stagnated,3,562,0,-1,0,0,0,0,2,47,35,47
species,dwarf,2,integration-r2-species-v1,20260811,0,85,717272701,archivist,truncated,0,2400,51,50,8,0,0,4837,405,2548,2536,2548
species,dwarf,2,integration-r2-species-v1,20260811,0,86,3371708462,portal-rush,stagnated,3,481,1,0,0,0,0,1,2,50,38,50
species,dwarf,2,integration-r2-species-v1,20260811,0,87,1731176927,worship-maximizer,stagnated,3,590,20,19,0,20,188,209,2,60,48,60
species,dwarf,2,integration-r2-species-v1,20260811,0,88,90645392,idle-then-declare,stagnated,3,624,1,0,0,1,489,489,0,69,57,69
species,dwarf,2,integration-r2-species-v1,20260811,0,89,2745081153,permit-then-idle,ascended,2,1202,160,159,17,3,21,367,12,288,276,295
species,dwarf,2,integration-r2-species-v1,20260811,0,90,1104549618,passive-control,stagnated,3,1090,47,46,0,30,30,124,2,83,71,84
species,dwarf,2,integration-r2-species-v1,20260811,0,91,3758985379,uniform-random-legal,truncated,0,2400,62,61,6,16,60,5626,305,4404,4392,4404
species,dwarf,2,integration-r2-species-v1,20260811,0,92,2118453844,permissive-breadth,truncated,0,2400,200,199,3,23,45,9566,64,6026,6014,6026
species,dwarf,2,integration-r2-species-v1,20260811,0,93,477922309,narrow-depth,stagnated,3,514,5,4,0,5,469,474,3,30,18,30
species,dwarf,2,integration-r2-species-v1,20260811,0,94,3132358070,denial-warden,stagnated,3,571,1,0,0,1,86,86,2,48,36,48
species,dwarf,2,integration-r2-species-v1,20260811,0,95,1491826535,archivist,stagnated,3,487,2,1,0,2,365,371,3,21,9,21
species,dwarf,2,integration-r2-species-v1,20260811,0,96,4146262296,portal-rush,stagnated,3,487,2,1,0,0,0,2,2,31,19,31
species,dwarf,2,integration-r2-species-v1,20260811,0,97,2505730761,worship-maximizer,stagnated,3,1201,11,10,-8,11,15,15,0,137,125,137
species,dwarf,2,integration-r2-species-v1,20260811,0,98,865199226,idle-then-declare,stagnated,3,1145,17,16,0,17,18,19,2,176,164,176
species,dwarf,2,integration-r2-species-v1,20260811,0,99,3519634987,permit-then-idle,truncated,0,2400,148,147,32,0,0,6598,61,5577,5565,5577
species,elf,4,integration-r2-species-v1,20260811,0,0,2723499704,passive-control,stagnated,3,1841,51,50,0,51,364,517,3,20,8,20
species,elf,4,integration-r2-species-v1,20260811,0,1,1082968169,uniform-random-legal,stagnated,3,1317,50,49,0,0,4,50,1,21,9,21
species,elf,4,integration-r2-species-v1,20260811,0,2,3737403930,permissive-breadth,ascended,2,1442,145,144,21,0,0,540,4,19,7,19
species,elf,4,integration-r2-species-v1,20260811,0,3,2096872395,narrow-depth,stagnated,3,540,5,4,0,5,283,298,3,21,9,21
species,elf,4,integration-r2-species-v1,20260811,0,4,456340860,denial-warden,stagnated,3,561,0,-1,0,0,0,0,4,12,0,12
species,elf,4,integration-r2-species-v1,20260811,0,5,3110776621,archivist,stagnated,3,1833,41,40,0,0,0,82,3,56,44,56
species,elf,4,integration-r2-species-v1,20260811,0,6,1470245086,portal-rush,stagnated,3,959,4,3,-33,0,4,4,0,22,10,22
species,elf,4,integration-r2-species-v1,20260811,0,7,4124680847,worship-maximizer,stagnated,3,1588,51,50,0,0,0,205,4,19,7,20
species,elf,4,integration-r2-species-v1,20260811,0,8,2484149312,idle-then-declare,stagnated,3,1842,51,50,0,51,373,578,4,24,12,24
species,elf,4,integration-r2-species-v1,20260811,0,9,843617777,permit-then-idle,ascended,2,1442,139,138,20,0,0,555,4,33,21,34
species,elf,4,integration-r2-species-v1,20260811,0,10,3498053538,passive-control,stagnated,3,1850,51,50,0,0,0,153,3,55,43,55
species,elf,4,integration-r2-species-v1,20260811,0,11,1857522003,uniform-random-legal,truncated,0,2400,50,49,2,0,8,50,1,80,68,80
species,elf,4,integration-r2-species-v1,20260811,0,12,216990468,permissive-breadth,ascended,2,1442,138,137,26,0,0,276,2,24,12,24
species,elf,4,integration-r2-species-v1,20260811,0,13,2871426229,narrow-depth,stagnated,3,547,5,4,0,5,88,108,4,14,2,14
species,elf,4,integration-r2-species-v1,20260811,0,14,1230894694,denial-warden,stagnated,3,554,0,-1,0,0,0,0,3,15,3,15
species,elf,4,integration-r2-species-v1,20260811,0,15,3885330455,archivist,stagnated,3,1470,51,50,0,3,5,140,3,27,15,27
species,elf,4,integration-r2-species-v1,20260811,0,16,2244798920,portal-rush,stagnated,3,965,4,3,-33,0,4,4,0,25,13,25
species,elf,4,integration-r2-species-v1,20260811,0,17,604267385,worship-maximizer,stagnated,3,1586,51,50,0,51,356,560,4,30,18,30
species,elf,4,integration-r2-species-v1,20260811,0,18,3258703146,idle-then-declare,stagnated,3,1843,51,50,0,0,0,204,4,40,28,40
species,elf,4,integration-r2-species-v1,20260811,0,19,1618171611,permit-then-idle,ascended,2,1442,139,138,28,0,0,554,4,38,26,38
species,elf,4,integration-r2-species-v1,20260811,0,20,4272607372,passive-control,stagnated,3,1842,51,50,0,51,377,581,4,23,11,23
species,elf,4,integration-r2-species-v1,20260811,0,21,2632075837,uniform-random-legal,stagnated,3,1945,55,54,1,22,30,81,1,32,20,32
species,elf,4,integration-r2-species-v1,20260811,0,22,991544302,permissive-breadth,ascended,2,1442,143,142,28,0,0,408,3,26,14,26
species,elf,4,integration-r2-species-v1,20260811,0,23,3645980063,narrow-depth,stagnated,3,567,5,4,0,5,95,115,4,12,0,12
species,elf,4,integration-r2-species-v1,20260811,0,24,2005448528,denial-warden,stagnated,3,553,0,-1,0,0,0,0,4,16,4,16
species,elf,4,integration-r2-species-v1,20260811,0,25,364916993,archivist,stagnated,3,1483,51,50,0,51,251,371,3,28,16,28
species,elf,4,integration-r2-species-v1,20260811,0,26,3019352754,portal-rush,stagnated,3,965,4,3,-32,0,4,4,0,24,12,24
species,elf,4,integration-r2-species-v1,20260811,0,27,1378821219,worship-maximizer,stagnated,3,1575,51,50,0,51,351,555,4,33,21,33
species,elf,4,integration-r2-species-v1,20260811,0,28,4033256980,idle-then-declare,stagnated,3,1844,51,50,0,0,0,153,3,28,16,28
species,elf,4,integration-r2-species-v1,20260811,0,29,2392725445,permit-then-idle,ascended,2,1442,137,136,22,0,0,274,2,48,36,49
species,elf,4,integration-r2-species-v1,20260811,0,30,752193910,passive-control,stagnated,3,1846,51,50,0,49,285,438,3,27,15,28
species,elf,4,integration-r2-species-v1,20260811,0,31,3406629671,uniform-random-legal,stagnated,3,1334,37,36,-16,29,41,41,0,20,8,20
species,elf,4,integration-r2-species-v1,20260811,0,32,1766098136,permissive-breadth,ascended,2,1442,143,142,19,0,0,546,4,28,16,28
species,elf,4,integration-r2-species-v1,20260811,0,33,125566601,narrow-depth,stagnated,3,547,5,4,0,0,0,20,4,12,0,12
species,elf,4,integration-r2-species-v1,20260811,0,34,2780002362,denial-warden,stagnated,3,554,0,-1,0,0,0,0,4,9,-3,12
species,elf,4,integration-r2-species-v1,20260811,0,35,1139470827,archivist,stagnated,3,1518,51,50,0,0,0,171,4,12,0,12
species,elf,4,integration-r2-species-v1,20260811,0,36,3793906588,portal-rush,stagnated,3,965,4,3,-33,0,4,4,0,19,7,19
species,elf,4,integration-r2-species-v1,20260811,0,37,2153375053,worship-maximizer,stagnated,3,1587,51,50,0,51,326,530,4,44,32,44
species,elf,4,integration-r2-species-v1,20260811,0,38,512843518,idle-then-declare,stagnated,3,1841,51,50,0,51,349,553,4,38,26,38
species,elf,4,integration-r2-species-v1,20260811,0,39,3167279279,permit-then-idle,ascended,2,1442,143,142,28,0,0,401,3,24,12,24
species,elf,4,integration-r2-species-v1,20260811,0,40,1526747744,passive-control,stagnated,3,1840,51,50,0,25,25,177,3,46,34,46
species,elf,4,integration-r2-species-v1,20260811,0,41,4181183505,uniform-random-legal,truncated,0,2400,58,57,0,0,8,58,1,118,106,118
species,elf,4,integration-r2-species-v1,20260811,0,42,2540651970,permissive-breadth,ascended,2,1442,139,138,19,0,0,555,4,11,-1,12
species,elf,4,integration-r2-species-v1,20260811,0,43,900120435,narrow-depth,stagnated,3,535,3,2,0,3,117,129,4,16,4,16
species,elf,4,integration-r2-species-v1,20260811,0,44,3554556196,denial-warden,stagnated,3,548,0,-1,0,0,0,0,4,12,0,12
species,elf,4,integration-r2-species-v1,20260811,0,45,1914024661,archivist,truncated,0,2400,51,50,0,10,10,214,4,66,54,66
species,elf,4,integration-r2-species-v1,20260811,0,46,273493126,portal-rush,stagnated,3,965,4,3,-32,0,4,4,0,14,2,14
species,elf,4,integration-r2-species-v1,20260811,0,47,2927928887,worship-maximizer,stagnated,3,1579,51,50,0,51,317,519,4,49,37,49
species,elf,4,integration-r2-species-v1,20260811,0,48,1287397352,idle-then-declare,stagnated,3,1844,51,50,0,51,387,540,3,56,44,56
species,elf,4,integration-r2-species-v1,20260811,0,49,3941833113,permit-then-idle,ascended,2,1442,139,138,20,0,0,556,4,28,16,29
species,elf,4,integration-r2-species-v1,20260811,0,50,2301301578,passive-control,stagnated,3,1840,51,50,0,0,0,153,3,40,28,40
species,elf,4,integration-r2-species-v1,20260811,0,51,660770043,uniform-random-legal,stagnated,3,1249,38,37,0,1,9,107,3,29,17,29
species,elf,4,integration-r2-species-v1,20260811,0,52,3315205804,permissive-breadth,ascended,2,1442,143,142,28,0,0,548,4,35,23,35
species,elf,4,integration-r2-species-v1,20260811,0,53,1674674269,narrow-depth,stagnated,3,546,5,4,0,5,146,166,4,18,6,18
species,elf,4,integration-r2-species-v1,20260811,0,54,34142734,denial-warden,stagnated,3,548,0,-1,0,0,0,0,4,13,1,14
species,elf,4,integration-r2-species-v1,20260811,0,55,2688578495,archivist,truncated,0,2400,51,50,2,0,0,109,3,84,72,84
species,elf,4,integration-r2-species-v1,20260811,0,56,1048046960,portal-rush,stagnated,3,965,4,3,-32,0,4,4,0,25,13,25
species,elf,4,integration-r2-species-v1,20260811,0,57,3702482721,worship-maximizer,stagnated,3,1583,51,50,0,51,350,503,3,55,43,55
species,elf,4,integration-r2-species-v1,20260811,0,58,2061951186,idle-then-declare,stagnated,3,1848,51,50,0,51,399,552,3,48,36,48
species,elf,4,integration-r2-species-v1,20260811,0,59,421419651,permit-then-idle,ascended,2,1442,140,139,20,0,0,416,3,24,12,25
species,elf,4,integration-r2-species-v1,20260811,0,60,3075855412,passive-control,stagnated,3,1849,51,50,0,51,369,573,4,38,26,38
species,elf,4,integration-r2-species-v1,20260811,0,61,1435323877,uniform-random-legal,stagnated,3,1113,18,17,0,0,0,32,2,18,6,18
species,elf,4,integration-r2-species-v1,20260811,0,62,4089759638,permissive-breadth,ascended,2,1442,138,137,27,0,0,414,3,22,10,22
species,elf,4,integration-r2-species-v1,20260811,0,63,2449228103,narrow-depth,stagnated,3,566,5,4,0,0,0,15,3,13,1,13
species,elf,4,integration-r2-species-v1,20260811,0,64,808696568,denial-warden,stagnated,3,548,0,-1,0,0,0,0,4,14,2,14
species,elf,4,integration-r2-species-v1,20260811,0,65,3463132329,archivist,truncated,0,2400,51,50,0,15,15,216,4,72,60,72
species,elf,4,integration-r2-species-v1,20260811,0,66,1822600794,portal-rush,stagnated,3,802,15,14,0,0,0,16,2,14,2,14
species,elf,4,integration-r2-species-v1,20260811,0,67,182069259,worship-maximizer,stagnated,3,1580,51,50,0,0,0,204,4,51,39,51
species,elf,4,integration-r2-species-v1,20260811,0,68,2836505020,idle-then-declare,stagnated,3,1844,51,50,0,43,364,466,2,47,35,47
species,elf,4,integration-r2-species-v1,20260811,0,69,1195973485,permit-then-idle,ascended,2,1442,143,142,28,0,0,540,4,32,20,32
species,elf,4,integration-r2-species-v1,20260811,0,70,3850409246,passive-control,stagnated,3,1841,51,50,0,51,377,479,2,63,51,63
species,elf,4,integration-r2-species-v1,20260811,0,71,2209877711,uniform-random-legal,stagnated,3,1302,53,52,0,0,4,53,1,64,52,64
species,elf,4,integration-r2-species-v1,20260811,0,72,569346176,permissive-breadth,ascended,2,1442,144,143,20,0,0,546,4,43,31,43
species,elf,4,integration-r2-species-v1,20260811,0,73,3223781937,narrow-depth,stagnated,3,545,5,4,0,5,119,140,4,15,3,15
species,elf,4,integration-r2-species-v1,20260811,0,74,1583250402,denial-warden,stagnated,3,547,0,-1,0,0,0,0,4,13,1,13
species,elf,4,integration-r2-species-v1,20260811,0,75,4237686163,archivist,stagnated,3,1412,51,50,0,51,211,360,3,38,26,38
species,elf,4,integration-r2-species-v1,20260811,0,76,2597154628,portal-rush,stagnated,3,965,4,3,-32,0,4,4,0,29,17,29
species,elf,4,integration-r2-species-v1,20260811,0,77,956623093,worship-maximizer,stagnated,3,1834,51,50,0,0,0,102,2,19,7,20
species,elf,4,integration-r2-species-v1,20260811,0,78,3611058854,idle-then-declare,stagnated,3,1843,51,50,0,51,360,462,2,32,20,32
species,elf,4,integration-r2-species-v1,20260811,0,79,1970527319,permit-then-idle,ascended,2,1442,141,140,21,0,0,554,4,47,35,47
species,elf,4,integration-r2-species-v1,20260811,0,80,329995784,passive-control,stagnated,3,1851,51,50,0,0,0,102,2,35,23,35
species,elf,4,integration-r2-species-v1,20260811,0,81,2984431545,uniform-random-legal,truncated,0,2400,48,47,1,0,4,48,1,88,76,88
species,elf,4,integration-r2-species-v1,20260811,0,82,1343900010,permissive-breadth,ascended,2,1442,139,138,20,0,0,416,3,24,12,25
species,elf,4,integration-r2-species-v1,20260811,0,83,3998335771,narrow-depth,stagnated,3,547,5,4,0,0,0,20,4,13,1,13
species,elf,4,integration-r2-species-v1,20260811,0,84,2357804236,denial-warden,stagnated,3,547,0,-1,0,0,0,0,3,22,10,22
species,elf,4,integration-r2-species-v1,20260811,0,85,717272701,archivist,truncated,0,2400,51,50,0,3,3,202,4,56,44,56
species,elf,4,integration-r2-species-v1,20260811,0,86,3371708462,portal-rush,stagnated,3,973,4,3,-32,0,4,4,0,22,10,22
species,elf,4,integration-r2-species-v1,20260811,0,87,1731176927,worship-maximizer,stagnated,3,1583,51,50,0,0,0,153,3,44,32,44
species,elf,4,integration-r2-species-v1,20260811,0,88,90645392,idle-then-declare,stagnated,3,1681,45,44,0,0,0,45,1,39,27,39
species,elf,4,integration-r2-species-v1,20260811,0,89,2745081153,permit-then-idle,ascended,2,1442,143,142,28,0,0,548,4,44,32,44
species,elf,4,integration-r2-species-v1,20260811,0,90,1104549618,passive-control,stagnated,3,1841,51,50,0,51,372,526,3,31,19,31
species,elf,4,integration-r2-species-v1,20260811,0,91,3758985379,uniform-random-legal,stagnated,3,1538,58,57,0,8,20,70,1,37,25,37
species,elf,4,integration-r2-species-v1,20260811,0,92,2118453844,permissive-breadth,ascended,2,1442,139,138,19,0,0,416,3,35,23,35
species,elf,4,integration-r2-species-v1,20260811,0,93,477922309,narrow-depth,stagnated,3,567,5,4,0,5,114,134,4,13,1,14
species,elf,4,integration-r2-species-v1,20260811,0,94,3132358070,denial-warden,stagnated,3,554,0,-1,0,0,0,0,4,10,-2,12
species,elf,4,integration-r2-species-v1,20260811,0,95,1491826535,archivist,stagnated,3,1593,49,48,0,0,0,71,3,30,18,30
species,elf,4,integration-r2-species-v1,20260811,0,96,4146262296,portal-rush,stagnated,3,965,4,3,-33,0,4,4,0,25,13,25
species,elf,4,integration-r2-species-v1,20260811,0,97,2505730761,worship-maximizer,stagnated,3,1583,51,50,0,51,295,346,1,31,19,33
species,elf,4,integration-r2-species-v1,20260811,0,98,865199226,idle-then-declare,stagnated,3,1847,51,50,0,51,401,553,3,53,41,53
species,elf,4,integration-r2-species-v1,20260811,0,99,3519634987,permit-then-idle,ascended,2,1442,142,141,19,0,0,267,2,25,13,25
species,gnome,8,integration-r2-species-v1,20260811,0,0,2723499704,passive-control,stagnated,3,1075,49,48,0,49,224,420,4,105,93,105
species,gnome,8,integration-r2-species-v1,20260811,0,1,1082968169,uniform-random-legal,stagnated,3,563,4,3,-41,0,4,4,0,69,57,69
species,gnome,8,integration-r2-species-v1,20260811,0,2,3737403930,permissive-breadth,ascended,2,1202,158,157,22,0,0,464,3,399,387,399
species,gnome,8,integration-r2-species-v1,20260811,0,3,2096872395,narrow-depth,stagnated,3,575,5,4,0,5,141,151,2,79,67,79
species,gnome,8,integration-r2-species-v1,20260811,0,4,456340860,denial-warden,stagnated,3,558,0,-1,0,0,0,0,3,59,47,59
species,gnome,8,integration-r2-species-v1,20260811,0,5,3110776621,archivist,stagnated,3,926,49,48,0,47,47,194,3,148,136,148
species,gnome,8,integration-r2-species-v1,20260811,0,6,1470245086,portal-rush,stagnated,3,189,4,3,0,0,4,4,0,13,1,14
species,gnome,8,integration-r2-species-v1,20260811,0,7,4124680847,worship-maximizer,stagnated,3,972,49,48,0,0,0,147,3,93,81,93
species,gnome,8,integration-r2-species-v1,20260811,0,8,2484149312,idle-then-declare,stagnated,3,1073,49,48,0,0,0,147,3,324,312,324
species,gnome,8,integration-r2-species-v1,20260811,0,9,843617777,permit-then-idle,ascended,2,1202,167,166,28,0,0,632,4,615,603,615
species,gnome,8,integration-r2-species-v1,20260811,0,10,3498053538,passive-control,stagnated,3,1076,49,48,0,0,0,147,3,279,267,279
species,gnome,8,integration-r2-species-v1,20260811,0,11,1857522003,uniform-random-legal,truncated,0,2400,61,60,4,49,178,5608,290,13297,13285,13297
species,gnome,8,integration-r2-species-v1,20260811,0,12,216990468,permissive-breadth,truncated,0,2400,100,99,52,0,0,3067,35,11465,11453,11465
species,gnome,8,integration-r2-species-v1,20260811,0,13,2871426229,narrow-depth,stagnated,3,534,3,2,0,0,0,12,4,41,29,41
species,gnome,8,integration-r2-species-v1,20260811,0,14,1230894694,denial-warden,stagnated,3,576,0,-1,0,0,0,0,3,53,41,53
species,gnome,8,integration-r2-species-v1,20260811,0,15,3885330455,archivist,stagnated,3,1026,49,48,0,0,0,98,2,338,326,338
species,gnome,8,integration-r2-species-v1,20260811,0,16,2244798920,portal-rush,stagnated,3,318,4,3,-28,0,4,4,0,39,27,39
species,gnome,8,integration-r2-species-v1,20260811,0,17,604267385,worship-maximizer,stagnated,3,964,49,48,0,0,0,147,3,170,158,170
species,gnome,8,integration-r2-species-v1,20260811,0,18,3258703146,idle-then-declare,stagnated,3,1073,49,48,0,0,0,147,3,188,176,188
species,gnome,8,integration-r2-species-v1,20260811,0,19,1618171611,permit-then-idle,ascended,2,1202,164,163,25,0,0,627,4,489,477,489
species,gnome,8,integration-r2-species-v1,20260811,0,20,4272607372,passive-control,stagnated,3,1072,49,48,0,0,0,98,2,270,258,270
species,gnome,8,integration-r2-species-v1,20260811,0,21,2632075837,uniform-random-legal,stagnated,3,1033,49,48,0,49,102,200,2,211,199,211
species,gnome,8,integration-r2-species-v1,20260811,0,22,991544302,permissive-breadth,ascended,2,1202,161,160,22,0,0,468,3,311,299,311
species,gnome,8,integration-r2-species-v1,20260811,0,23,3645980063,narrow-depth,stagnated,3,534,3,2,0,0,0,12,4,46,34,46
species,gnome,8,integration-r2-species-v1,20260811,0,24,2005448528,denial-warden,stagnated,3,564,0,-1,0,0,0,0,3,39,27,39
species,gnome,8,integration-r2-species-v1,20260811,0,25,364916993,archivist,stagnated,3,960,49,48,0,0,0,147,3,125,113,125
species,gnome,8,integration-r2-species-v1,20260811,0,26,3019352754,portal-rush,stagnated,3,333,4,3,-30,0,4,4,0,27,15,27
species,gnome,8,integration-r2-species-v1,20260811,0,27,1378821219,worship-maximizer,stagnated,3,963,49,48,0,0,0,147,3,239,227,239
species,gnome,8,integration-r2-species-v1,20260811,0,28,4033256980,idle-then-declare,stagnated,3,1075,49,48,0,0,0,147,3,362,350,362
species,gnome,8,integration-r2-species-v1,20260811,0,29,2392725445,permit-then-idle,ascended,2,1202,162,161,24,0,0,323,2,360,348,360
species,gnome,8,integration-r2-species-v1,20260811,0,30,752193910,passive-control,stagnated,3,1074,49,48,0,40,193,389,4,270,258,270
species,gnome,8,integration-r2-species-v1,20260811,0,31,3406629671,uniform-random-legal,stagnated,3,1140,53,52,0,22,26,124,2,184,172,184
species,gnome,8,integration-r2-species-v1,20260811,0,32,1766098136,permissive-breadth,ascended,2,1202,167,166,22,0,0,471,3,289,277,289
species,gnome,8,integration-r2-species-v1,20260811,0,33,125566601,narrow-depth,stagnated,3,579,5,4,0,0,0,15,3,50,38,50
species,gnome,8,integration-r2-species-v1,20260811,0,34,2780002362,denial-warden,stagnated,3,576,0,-1,0,0,0,0,3,106,94,106
species,gnome,8,integration-r2-species-v1,20260811,0,35,1139470827,archivist,stagnated,3,920,49,48,0,0,0,98,2,55,43,55
species,gnome,8,integration-r2-species-v1,20260811,0,36,3793906588,portal-rush,stagnated,3,325,4,3,-24,0,4,4,0,23,11,23
species,gnome,8,integration-r2-species-v1,20260811,0,37,2153375053,worship-maximizer,stagnated,3,966,49,48,0,49,227,423,4,237,225,237
species,gnome,8,integration-r2-species-v1,20260811,0,38,512843518,idle-then-declare,stagnated,3,1072,49,48,0,49,217,364,3,162,150,162
species,gnome,8,integration-r2-species-v1,20260811,0,39,3167279279,permit-then-idle,ascended,2,1202,159,158,22,0,0,311,2,195,183,195
species,gnome,8,integration-r2-species-v1,20260811,0,40,1526747744,passive-control,stagnated,3,1074,49,48,0,49,359,506,3,301,289,301
species,gnome,8,integration-r2-species-v1,20260811,0,41,4181183505,uniform-random-legal,truncated,0,2400,61,60,0,0,56,6129,330,17613,17601,17613
species,gnome,8,integration-r2-species-v1,20260811,0,42,2540651970,permissive-breadth,ascended,2,1202,165,164,29,0,0,504,5,623,611,623
species,gnome,8,integration-r2-species-v1,20260811,0,43,900120435,narrow-depth,stagnated,3,534,3,2,0,3,102,114,4,42,30,42
species,gnome,8,integration-r2-species-v1,20260811,0,44,3554556196,denial-warden,stagnated,3,565,0,-1,0,0,0,0,3,70,58,70
species,gnome,8,integration-r2-species-v1,20260811,0,45,1914024661,archivist,stagnated,3,952,49,48,0,49,224,420,4,216,204,216
species,gnome,8,integration-r2-species-v1,20260811,0,46,273493126,portal-rush,stagnated,3,325,4,3,-24,0,4,4,0,33,21,33
species,gnome,8,integration-r2-species-v1,20260811,0,47,2927928887,worship-maximizer,stagnated,3,960,49,48,0,42,200,347,3,325,313,325
species,gnome,8,integration-r2-species-v1,20260811,0,48,1287397352,idle-then-declare,stagnated,3,1075,49,48,0,49,333,480,3,198,186,198
species,gnome,8,integration-r2-species-v1,20260811,0,49,3941833113,permit-then-idle,ascended,2,1202,167,166,28,0,0,632,4,225,213,225
species,gnome,8,integration-r2-species-v1,20260811,0,50,2301301578,passive-control,stagnated,3,1073,49,48,0,0,0,98,2,289,277,289
species,gnome,8,integration-r2-species-v1,20260811,0,51,660770043,uniform-random-legal,stagnated,3,1007,49,48,0,49,199,346,3,368,356,368
species,gnome,8,integration-r2-species-v1,20260811,0,52,3315205804,permissive-breadth,ascended,2,1202,164,163,27,0,0,318,2,392,380,392
species,gnome,8,integration-r2-species-v1,20260811,0,53,1674674269,narrow-depth,stagnated,3,579,5,4,0,0,0,10,2,61,49,61
species,gnome,8,integration-r2-species-v1,20260811,0,54,34142734,denial-warden,stagnated,3,567,0,-1,0,0,0,0,2,70,58,70
species,gnome,8,integration-r2-species-v1,20260811,0,55,2688578495,archivist,stagnated,3,939,49,48,0,49,218,316,2,97,85,97
species,gnome,8,integration-r2-species-v1,20260811,0,56,1048046960,portal-rush,stagnated,3,325,4,3,-31,0,4,4,0,37,25,37
species,gnome,8,integration-r2-species-v1,20260811,0,57,3702482721,worship-maximizer,stagnated,3,967,49,48,0,0,0,147,3,179,167,179
species,gnome,8,integration-r2-species-v1,20260811,0,58,2061951186,idle-then-declare,stagnated,3,1074,49,48,0,49,226,422,4,139,127,139
species,gnome,8,integration-r2-species-v1,20260811,0,59,421419651,permit-then-idle,ascended,2,1202,168,167,22,0,0,316,2,364,352,364
species,gnome,8,integration-r2-species-v1,20260811,0,60,3075855412,passive-control,stagnated,3,1077,49,48,0,49,201,348,3,242,230,242
species,gnome,8,integration-r2-species-v1,20260811,0,61,1435323877,uniform-random-legal,stagnated,3,295,4,3,-31,0,4,4,0,24,12,24
species,gnome,8,integration-r2-species-v1,20260811,0,62,4089759638,permissive-breadth,ascended,2,1202,158,157,22,0,0,310,2,415,403,415
species,gnome,8,integration-r2-species-v1,20260811,0,63,2449228103,narrow-depth,stagnated,3,579,5,4,0,0,0,10,2,31,19,31
species,gnome,8,integration-r2-species-v1,20260811,0,64,808696568,denial-warden,stagnated,3,576,0,-1,0,0,0,0,3,47,35,47
species,gnome,8,integration-r2-species-v1,20260811,0,65,3463132329,archivist,truncated,0,2400,49,48,0,0,0,6095,1435,16948,16936,16948
species,gnome,8,integration-r2-species-v1,20260811,0,66,1822600794,portal-rush,stagnated,3,325,4,3,-31,0,4,4,0,26,14,26
species,gnome,8,integration-r2-species-v1,20260811,0,67,182069259,worship-maximizer,stagnated,3,965,49,48,0,0,0,98,2,207,195,207
species,gnome,8,integration-r2-species-v1,20260811,0,68,2836505020,idle-then-declare,stagnated,3,1074,49,48,0,49,198,296,2,378,366,378
species,gnome,8,integration-r2-species-v1,20260811,0,69,1195973485,permit-then-idle,ascended,2,1202,160,159,22,0,0,465,3,616,604,616
species,gnome,8,integration-r2-species-v1,20260811,0,70,3850409246,passive-control,stagnated,3,1075,49,48,0,0,0,49,1,331,319,331
species,gnome,8,integration-r2-species-v1,20260811,0,71,2209877711,uniform-random-legal,truncated,0,2400,61,60,6,18,58,6135,310,18832,18820,18832
species,gnome,8,integration-r2-species-v1,20260811,0,72,569346176,permissive-breadth,ascended,2,1202,168,167,22,0,0,626,4,402,390,402
species,gnome,8,integration-r2-species-v1,20260811,0,73,3223781937,narrow-depth,stagnated,3,534,3,2,0,0,0,9,3,63,51,63
species,gnome,8,integration-r2-species-v1,20260811,0,74,1583250402,denial-warden,stagnated,3,563,0,-1,0,0,0,0,4,55,43,55
species,gnome,8,integration-r2-species-v1,20260811,0,75,4237686163,archivist,stagnated,3,929,49,48,0,0,0,196,4,169,157,169
species,gnome,8,integration-r2-species-v1,20260811,0,76,2597154628,portal-rush,stagnated,3,341,4,3,-29,0,4,4,0,22,10,22
species,gnome,8,integration-r2-species-v1,20260811,0,77,956623093,worship-maximizer,stagnated,3,968,49,48,0,42,90,188,2,166,154,166
species,gnome,8,integration-r2-species-v1,20260811,0,78,3611058854,idle-then-declare,stagnated,3,1070,49,48,0,49,195,342,3,281,269,281
species,gnome,8,integration-r2-species-v1,20260811,0,79,1970527319,permit-then-idle,truncated,0,2400,131,130,-67,0,0,3848,41,12536,12524,12536
species,gnome,8,integration-r2-species-v1,20260811,0,80,329995784,passive-control,stagnated,3,1075,49,48,0,0,0,147,3,194,182,194
species,gnome,8,integration-r2-species-v1,20260811,0,81,2984431545,uniform-random-legal,truncated,0,2400,61,60,5,0,36,5673,313,15195,15183,15195
species,gnome,8,integration-r2-species-v1,20260811,0,82,1343900010,permissive-breadth,ascended,2,1202,165,164,25,0,0,319,2,654,642,654
species,gnome,8,integration-r2-species-v1,20260811,0,83,3998335771,narrow-depth,stagnated,3,579,5,4,0,0,0,5,1,79,67,79
species,gnome,8,integration-r2-species-v1,20260811,0,84,2357804236,denial-warden,stagnated,3,566,0,-1,0,0,0,0,3,81,69,81
species,gnome,8,integration-r2-species-v1,20260811,0,85,717272701,archivist,stagnated,3,888,49,48,0,0,0,196,4,100,88,100
species,gnome,8,integration-r2-species-v1,20260811,0,86,3371708462,portal-rush,stagnated,3,327,4,3,-27,0,4,4,0,34,22,34
species,gnome,8,integration-r2-species-v1,20260811,0,87,1731176927,worship-maximizer,stagnated,3,967,49,48,0,0,0,147,3,286,274,286
species,gnome,8,integration-r2-species-v1,20260811,0,88,90645392,idle-then-declare,stagnated,3,665,7,6,-36,7,7,7,0,112,100,112
species,gnome,8,integration-r2-species-v1,20260811,0,89,2745081153,permit-then-idle,ascended,2,1202,167,166,29,0,0,630,4,509,497,509
species,gnome,8,integration-r2-species-v1,20260811,0,90,1104549618,passive-control,stagnated,3,1072,49,48,0,0,0,148,3,359,347,359
species,gnome,8,integration-r2-species-v1,20260811,0,91,3758985379,uniform-random-legal,stagnated,3,496,4,3,-43,0,4,4,0,47,35,47
species,gnome,8,integration-r2-species-v1,20260811,0,92,2118453844,permissive-breadth,ascended,2,1202,168,167,29,0,0,470,3,294,282,294
species,gnome,8,integration-r2-species-v1,20260811,0,93,477922309,narrow-depth,stagnated,3,533,3,2,0,0,0,12,4,64,52,64
species,gnome,8,integration-r2-species-v1,20260811,0,94,3132358070,denial-warden,stagnated,3,576,0,-1,0,0,0,0,3,35,23,35
species,gnome,8,integration-r2-species-v1,20260811,0,95,1491826535,archivist,stagnated,3,912,49,48,0,0,0,147,3,118,106,118
species,gnome,8,integration-r2-species-v1,20260811,0,96,4146262296,portal-rush,stagnated,3,325,4,3,-30,0,4,4,0,28,16,28
species,gnome,8,integration-r2-species-v1,20260811,0,97,2505730761,worship-maximizer,stagnated,3,965,49,48,0,49,198,247,1,219,207,219
species,gnome,8,integration-r2-species-v1,20260811,0,98,865199226,idle-then-declare,stagnated,3,1075,49,48,0,49,218,365,3,264,252,264
species,gnome,8,integration-r2-species-v1,20260811,0,99,3519634987,permit-then-idle,truncated,0,2400,239,238,25,0,0,4332,47,13520,13508,13520
species,human,16,integration-r2-species-v1,20260811,0,0,2723499704,passive-control,stagnated,3,733,0,-1,-42,0,0,0,0,48,36,48
species,human,16,integration-r2-species-v1,20260811,0,1,1082968169,uniform-random-legal,stagnated,3,630,25,24,-17,25,25,25,0,73,61,73
species,human,16,integration-r2-species-v1,20260811,0,2,3737403930,permissive-breadth,stagnated,3,689,0,-1,-90,0,0,0,0,64,52,65
species,human,16,integration-r2-species-v1,20260811,0,3,2096872395,narrow-depth,stagnated,3,526,5,4,0,5,38,68,6,116,104,116
species,human,16,integration-r2-species-v1,20260811,0,4,456340860,denial-warden,stagnated,3,568,0,-1,0,0,0,0,2,41,29,41
species,human,16,integration-r2-species-v1,20260811,0,5,3110776621,archivist,truncated,0,2400,47,46,3,0,0,6144,938,420,408,650
species,human,16,integration-r2-species-v1,20260811,0,6,1470245086,portal-rush,truncated,0,2400,40,39,12,0,16,4090,166,6870,6858,6870
species,human,16,integration-r2-species-v1,20260811,0,7,4124680847,worship-maximizer,truncated,0,2400,41,40,16,0,0,4212,154,8980,8968,8980
species,human,16,integration-r2-species-v1,20260811,0,8,2484149312,idle-then-declare,stagnated,3,589,0,-1,-39,0,0,0,0,54,42,54
species,human,16,integration-r2-species-v1,20260811,0,9,843617777,permit-then-idle,truncated,0,2400,127,126,8,0,0,7328,128,15941,15929,15941
species,human,16,integration-r2-species-v1,20260811,0,10,3498053538,passive-control,truncated,0,2400,48,47,3,0,0,4019,146,12829,12817,12829
species,human,16,integration-r2-species-v1,20260811,0,11,1857522003,uniform-random-legal,truncated,0,2400,61,60,7,0,44,6188,744,360,348,518
species,human,16,integration-r2-species-v1,20260811,0,12,216990468,permissive-breadth,ascended,2,1682,103,102,5,0,0,11431,236,966,954,966
species,human,16,integration-r2-species-v1,20260811,0,13,2871426229,narrow-depth,stagnated,3,544,5,4,0,1,14,59,9,121,109,121
species,human,16,integration-r2-species-v1,20260811,0,14,1230894694,denial-warden,stagnated,3,570,0,-1,0,0,0,0,8,107,95,107
species,human,16,integration-r2-species-v1,20260811,0,15,3885330455,archivist,stagnated,3,327,0,-1,-31,0,0,0,0,29,17,29
species,human,16,integration-r2-species-v1,20260811,0,16,2244798920,portal-rush,truncated,0,2400,61,60,6,0,224,3768,128,12675,12663,12675
species,human,16,integration-r2-species-v1,20260811,0,17,604267385,worship-maximizer,stagnated,3,643,0,-1,-44,0,0,0,0,57,45,57
species,human,16,integration-r2-species-v1,20260811,0,18,3258703146,idle-then-declare,truncated,0,2400,47,46,9,0,0,4585,156,8258,8246,8258
species,human,16,integration-r2-species-v1,20260811,0,19,1618171611,permit-then-idle,ascended,2,2162,123,122,23,0,0,11309,172,6291,6279,6291
species,human,16,integration-r2-species-v1,20260811,0,20,4272607372,passive-control,truncated,0,2400,42,41,9,0,0,3845,146,10028,10016,10028
species,human,16,integration-r2-species-v1,20260811,0,21,2632075837,uniform-random-legal,stagnated,3,509,4,3,-31,0,4,4,0,60,48,60
species,human,16,integration-r2-species-v1,20260811,0,22,991544302,permissive-breadth,stagnated,3,347,0,-1,-54,0,0,0,0,30,18,30
species,human,16,integration-r2-species-v1,20260811,0,23,3645980063,narrow-depth,stagnated,3,543,5,4,0,4,62,67,1,51,39,51
species,human,16,integration-r2-species-v1,20260811,0,24,2005448528,denial-warden,stagnated,3,575,0,-1,0,0,0,0,3,94,82,94
species,human,16,integration-r2-species-v1,20260811,0,25,364916993,archivist,truncated,0,2400,47,46,5,0,0,6144,1025,455,443,666
species,human,16,integration-r2-species-v1,20260811,0,26,3019352754,portal-rush,stagnated,3,374,4,3,-22,0,4,4,0,36,24,36
species,human,16,integration-r2-species-v1,20260811,0,27,1378821219,worship-maximizer,truncated,0,2400,49,48,4,0,0,3952,138,9949,9937,9949
species,human,16,integration-r2-species-v1,20260811,0,28,4033256980,idle-then-declare,truncated,0,2400,48,47,6,0,0,4042,150,12438,12426,12438
species,human,16,integration-r2-species-v1,20260811,0,29,2392725445,permit-then-idle,truncated,0,2400,133,132,22,0,0,9163,151,11121,11109,11121
species,human,16,integration-r2-species-v1,20260811,0,30,752193910,passive-control,truncated,0,2400,45,44,4,0,0,4237,154,12306,12294,12306
species,human,16,integration-r2-species-v1,20260811,0,31,3406629671,uniform-random-legal,stagnated,3,376,4,3,-22,0,4,4,0,61,49,61
species,human,16,integration-r2-species-v1,20260811,0,32,1766098136,permissive-breadth,ascended,2,2162,130,129,29,0,0,10785,171,5291,5279,5291
species,human,16,integration-r2-species-v1,20260811,0,33,125566601,narrow-depth,stagnated,3,543,5,4,0,1,18,23,1,36,24,36
species,human,16,integration-r2-species-v1,20260811,0,34,2780002362,denial-warden,stagnated,3,567,0,-1,0,0,0,0,7,138,126,138
species,human,16,integration-r2-species-v1,20260811,0,35,1139470827,archivist,stagnated,3,665,0,-1,-39,0,0,0,0,77,65,77
species,human,16,integration-r2-species-v1,20260811,0,36,3793906588,portal-rush,stagnated,3,397,4,3,-24,0,4,4,0,21,9,22
species,human,16,integration-r2-species-v1,20260811,0,37,2153375053,worship-maximizer,stagnated,3,502,0,-1,-39,0,0,0,0,52,40,52
species,human,16,integration-r2-species-v1,20260811,0,38,512843518,idle-then-declare,truncated,0,2400,46,45,7,0,0,4044,146,9092,9080,9092
species,human,16,integration-r2-species-v1,20260811,0,39,3167279279,permit-then-idle,stagnated,3,645,0,-1,-84,0,0,0,0,28,16,28
species,human,16,integration-r2-species-v1,20260811,0,40,1526747744,passive-control,truncated,0,2400,45,44,10,0,0,3561,136,9173,9161,9173
species,human,16,integration-r2-species-v1,20260811,0,41,4181183505,uniform-random-legal,truncated,0,2400,61,60,0,0,64,6208,833,384,372,528
species,human,16,integration-r2-species-v1,20260811,0,42,2540651970,permissive-breadth,truncated,0,2400,117,116,33,0,0,9575,149,9603,9591,9603
species,human,16,integration-r2-species-v1,20260811,0,43,900120435,narrow-depth,stagnated,3,548,5,4,0,0,0,10,2,99,87,99
species,human,16,integration-r2-species-v1,20260811,0,44,3554556196,denial-warden,stagnated,3,565,0,-1,0,0,0,0,3,101,89,101
species,human,16,integration-r2-species-v1,20260811,0,45,1914024661,archivist,truncated,0,2400,47,46,5,0,0,6144,897,432,420,617
species,human,16,integration-r2-species-v1,20260811,0,46,273493126,portal-rush,stagnated,3,391,4,3,-24,0,4,4,0,28,16,28
species,human,16,integration-r2-species-v1,20260811,0,47,2927928887,worship-maximizer,truncated,0,2400,49,48,5,0,0,3964,144,12518,12506,12518
species,human,16,integration-r2-species-v1,20260811,0,48,1287397352,idle-then-declare,truncated,0,2400,48,47,4,0,0,4302,148,8458,8446,8458
species,human,16,integration-r2-species-v1,20260811,0,49,3941833113,permit-then-idle,truncated,0,2400,128,127,7,0,0,9636,153,14240,14228,14240
species,human,16,integration-r2-species-v1,20260811,0,50,2301301578,passive-control,truncated,0,2400,45,44,8,0,0,4541,158,8292,8280,8292
species,human,16,integration-r2-species-v1,20260811,0,51,660770043,uniform-random-legal,truncated,0,2400,61,60,0,0,56,6200,706,341,329,463
species,human,16,integration-r2-species-v1,20260811,0,52,3315205804,permissive-breadth,ascended,2,2162,121,120,27,0,0,11083,174,5518,5506,5518
species,human,16,integration-r2-species-v1,20260811,0,53,1674674269,narrow-depth,stagnated,3,673,5,4,0,3,63,83,4,110,98,110
species,human,16,integration-r2-species-v1,20260811,0,54,34142734,denial-warden,stagnated,3,568,0,-1,0,0,0,0,5,86,74,86
species,human,16,integration-r2-species-v1,20260811,0,55,2688578495,archivist,truncated,0,2400,44,43,12,1,1,6144,967,455,443,721
species,human,16,integration-r2-species-v1,20260811,0,56,1048046960,portal-rush,stagnated,3,381,4,3,-27,0,4,4,0,46,34,46
species,human,16,integration-r2-species-v1,20260811,0,57,3702482721,worship-maximizer,stagnated,3,476,0,-1,-36,0,0,0,0,53,41,53
species,human,16,integration-r2-species-v1,20260811,0,58,2061951186,idle-then-declare,truncated,0,2400,48,47,4,0,0,4175,149,10627,10615,10627
species,human,16,integration-r2-species-v1,20260811,0,59,421419651,permit-then-idle,truncated,0,2400,137,136,23,0,0,8345,137,11819,11807,11819
species,human,16,integration-r2-species-v1,20260811,0,60,3075855412,passive-control,truncated,0,2400,48,47,16,0,0,4503,148,11799,11787,11799
species,human,16,integration-r2-species-v1,20260811,0,61,1435323877,uniform-random-legal,stagnated,3,293,4,3,-25,0,4,4,0,36,24,36
species,human,16,integration-r2-species-v1,20260811,0,62,4089759638,permissive-breadth,truncated,0,2400,138,137,34,0,0,8635,140,12871,12859,12871
species,human,16,integration-r2-species-v1,20260811,0,63,2449228103,narrow-depth,stagnated,3,548,5,4,0,5,149,154,1,50,38,51
species,human,16,integration-r2-species-v1,20260811,0,64,808696568,denial-warden,stagnated,3,567,0,-1,0,0,0,0,2,23,11,23
species,human,16,integration-r2-species-v1,20260811,0,65,3463132329,archivist,truncated,0,2400,47,46,8,0,0,6144,811,406,394,538
species,human,16,integration-r2-species-v1,20260811,0,66,1822600794,portal-rush,stagnated,3,405,4,3,-25,0,4,4,0,20,8,21
species,human,16,integration-r2-species-v1,20260811,0,67,182069259,worship-maximizer,truncated,0,2400,48,47,6,0,0,4092,143,11174,11162,11174
species,human,16,integration-r2-species-v1,20260811,0,68,2836505020,idle-then-declare,truncated,0,2400,48,47,5,0,0,4499,154,8980,8968,8980
species,human,16,integration-r2-species-v1,20260811,0,69,1195973485,permit-then-idle,ascended,2,1922,139,138,21,0,0,11989,182,3926,3914,3926
species,human,16,integration-r2-species-v1,20260811,0,70,3850409246,passive-control,truncated,0,2400,47,46,11,0,0,4047,148,10478,10466,10478
species,human,16,integration-r2-species-v1,20260811,0,71,2209877711,uniform-random-legal,truncated,0,2400,61,60,4,0,56,6200,695,312,300,454
species,human,16,integration-r2-species-v1,20260811,0,72,569346176,permissive-breadth,truncated,0,2400,141,140,17,0,0,9024,147,6225,6213,6225
species,human,16,integration-r2-species-v1,20260811,0,73,3223781937,narrow-depth,stagnated,3,542,5,4,0,2,44,89,9,112,100,112
species,human,16,integration-r2-species-v1,20260811,0,74,1583250402,denial-warden,stagnated,3,569,0,-1,0,0,0,0,2,76,64,76
species,human,16,integration-r2-species-v1,20260811,0,75,4237686163,archivist,truncated,0,2400,45,44,9,0,0,6144,952,439,427,603
species,human,16,integration-r2-species-v1,20260811,0,76,2597154628,portal-rush,stagnated,3,383,4,3,-24,0,4,4,0,57,45,57
species,human,16,integration-r2-species-v1,20260811,0,77,956623093,worship-maximizer,truncated,0,2400,48,47,7,0,0,4796,163,7479,7467,7479
species,human,16,integration-r2-species-v1,20260811,0,78,3611058854,idle-then-declare,truncated,0,2400,48,47,4,0,0,4827,164,8391,8379,8391
species,human,16,integration-r2-species-v1,20260811,0,79,1970527319,permit-then-idle,truncated,0,2400,112,111,32,0,0,9194,155,9496,9484,9496
species,human,16,integration-r2-species-v1,20260811,0,80,329995784,passive-control,truncated,0,2400,46,45,9,0,0,4669,159,7562,7550,7562
species,human,16,integration-r2-species-v1,20260811,0,81,2984431545,uniform-random-legal,truncated,0,2400,61,60,3,0,56,6200,700,363,351,478
species,human,16,integration-r2-species-v1,20260811,0,82,1343900010,permissive-breadth,stagnated,3,306,0,-1,-45,0,0,0,0,33,21,33
species,human,16,integration-r2-species-v1,20260811,0,83,3998335771,narrow-depth,stagnated,3,544,5,4,0,0,0,10,2,74,62,74
species,human,16,integration-r2-species-v1,20260811,0,84,2357804236,denial-warden,stagnated,3,567,0,-1,0,0,0,0,2,77,65,77
species,human,16,integration-r2-species-v1,20260811,0,85,717272701,archivist,truncated,0,2400,36,35,12,0,0,6144,936,411,399,630
species,human,16,integration-r2-species-v1,20260811,0,86,3371708462,portal-rush,truncated,0,2400,57,56,2,0,384,3214,115,13381,13369,13381
species,human,16,integration-r2-species-v1,20260811,0,87,1731176927,worship-maximizer,truncated,0,2400,49,48,0,0,0,3845,137,11401,11389,11401
species,human,16,integration-r2-species-v1,20260811,0,88,90645392,idle-then-declare,truncated,0,2400,49,48,9,0,0,4256,146,12673,12661,12673
species,human,16,integration-r2-species-v1,20260811,0,89,2745081153,permit-then-idle,ascended,2,2162,122,121,26,0,0,10880,174,4399,4387,4399
species,human,16,integration-r2-species-v1,20260811,0,90,1104549618,passive-control,stagnated,3,677,0,-1,-41,0,0,0,0,73,61,73
species,human,16,integration-r2-species-v1,20260811,0,91,3758985379,uniform-random-legal,truncated,0,2400,55,54,9,0,56,6200,766,382,370,503
species,human,16,integration-r2-species-v1,20260811,0,92,2118453844,permissive-breadth,truncated,0,2400,126,125,17,0,0,9747,153,10278,10266,10278
species,human,16,integration-r2-species-v1,20260811,0,93,477922309,narrow-depth,stagnated,3,543,5,4,0,5,143,158,3,56,44,56
species,human,16,integration-r2-species-v1,20260811,0,94,3132358070,denial-warden,stagnated,3,570,0,-1,0,0,0,0,1,71,59,71
species,human,16,integration-r2-species-v1,20260811,0,95,1491826535,archivist,stagnated,3,701,0,-1,-39,0,0,0,0,55,43,56
species,human,16,integration-r2-species-v1,20260811,0,96,4146262296,portal-rush,stagnated,3,383,4,3,-27,0,4,4,0,28,16,28
species,human,16,integration-r2-species-v1,20260811,0,97,2505730761,worship-maximizer,truncated,0,2400,44,43,6,0,0,3871,147,10699,10687,10699
species,human,16,integration-r2-species-v1,20260811,0,98,865199226,idle-then-declare,truncated,0,2400,43,42,13,0,0,4523,160,6514,6502,6514
species,human,16,integration-r2-species-v1,20260811,0,99,3519634987,permit-then-idle,stagnated,3,506,0,-1,-70,0,0,0,0,62,50,62
species,orc,32,integration-r2-species-v1,20260811,0,0,2723499704,passive-control,stagnated,3,516,0,-1,0,0,0,0,0,28,16,28
species,orc,32,integration-r2-species-v1,20260811,0,1,1082968169,uniform-random-legal,truncated,0,2400,14,13,0,0,0,1093,674,461,449,497
species,orc,32,integration-r2-species-v1,20260811,0,2,3737403930,permissive-breadth,truncated,0,2400,83,82,-6,0,0,1140,35,21175,21163,23018
species,orc,32,integration-r2-species-v1,20260811,0,3,2096872395,narrow-depth,stagnated,3,523,0,-1,-3,0,0,0,7,122,110,122
species,orc,32,integration-r2-species-v1,20260811,0,4,456340860,denial-warden,stagnated,3,181,0,-1,0,0,0,0,0,23,11,23
species,orc,32,integration-r2-species-v1,20260811,0,5,3110776621,archivist,truncated,0,2400,10,9,0,0,0,927,814,530,518,587
species,orc,32,integration-r2-species-v1,20260811,0,6,1470245086,portal-rush,stagnated,3,286,0,-1,-2,0,0,0,0,24,12,25
species,orc,32,integration-r2-species-v1,20260811,0,7,4124680847,worship-maximizer,stagnated,3,866,0,-1,-35,0,0,0,1,57,45,57
species,orc,32,integration-r2-species-v1,20260811,0,8,2484149312,idle-then-declare,truncated,0,2400,0,-1,0,0,0,0,34,17275,17263,17275
species,orc,32,integration-r2-species-v1,20260811,0,9,843617777,permit-then-idle,truncated,0,2400,55,54,-5,0,0,1190,32,20519,20507,20650
species,orc,32,integration-r2-species-v1,20260811,0,10,3498053538,passive-control,stagnated,3,722,0,-1,-1,0,0,0,25,146,134,147
species,orc,32,integration-r2-species-v1,20260811,0,11,1857522003,uniform-random-legal,truncated,0,2400,29,28,0,1,1,2406,691,459,447,534
species,orc,32,integration-r2-species-v1,20260811,0,12,216990468,permissive-breadth,ascended,2,1922,116,115,19,0,0,1697,45,10676,10664,10676
species,orc,32,integration-r2-species-v1,20260811,0,13,2871426229,narrow-depth,stagnated,3,539,4,3,0,0,0,4,23,132,120,138
species,orc,32,integration-r2-species-v1,20260811,0,14,1230894694,denial-warden,stagnated,3,566,0,-1,0,0,0,0,15,132,120,133
species,orc,32,integration-r2-species-v1,20260811,0,15,3885330455,archivist,truncated,0,2400,31,30,0,0,0,5453,842,556,544,630
species,orc,32,integration-r2-species-v1,20260811,0,16,2244798920,portal-rush,stagnated,3,487,0,-1,-2,0,0,0,5,99,87,99
species,orc,32,integration-r2-species-v1,20260811,0,17,604267385,worship-maximizer,truncated,0,2400,0,-1,0,0,0,0,597,1764,1752,1764
species,orc,32,integration-r2-species-v1,20260811,0,18,3258703146,idle-then-declare,stagnated,3,207,0,-1,0,0,0,0,0,25,13,25
species,orc,32,integration-r2-species-v1,20260811,0,19,1618171611,permit-then-idle,truncated,0,2400,16,15,1,0,0,89,36,15763,15751,15763
species,orc,32,integration-r2-species-v1,20260811,0,20,4272607372,passive-control,stagnated,3,342,0,-1,-24,0,0,0,0,53,41,53
species,orc,32,integration-r2-species-v1,20260811,0,21,2632075837,uniform-random-legal,truncated,0,2400,13,12,0,0,0,1148,854,604,592,673
species,orc,32,integration-r2-species-v1,20260811,0,22,991544302,permissive-breadth,ascended,2,1682,107,106,18,0,0,2274,86,3306,3294,3306
species,orc,32,integration-r2-species-v1,20260811,0,23,3645980063,narrow-depth,stagnated,3,371,0,-1,-4,0,0,0,0,38,26,41
species,orc,32,integration-r2-species-v1,20260811,0,24,2005448528,denial-warden,stagnated,3,502,0,-1,0,0,0,0,10,134,122,134
species,orc,32,integration-r2-species-v1,20260811,0,25,364916993,archivist,truncated,0,2400,36,35,0,0,0,5424,955,552,540,678
species,orc,32,integration-r2-species-v1,20260811,0,26,3019352754,portal-rush,stagnated,3,487,0,-1,0,0,0,0,2,73,61,73
species,orc,32,integration-r2-species-v1,20260811,0,27,1378821219,worship-maximizer,stagnated,3,255,0,-1,-17,0,0,0,0,36,24,36
species,orc,32,integration-r2-species-v1,20260811,0,28,4033256980,idle-then-declare,truncated,0,2400,0,-1,0,0,0,0,37,17308,17296,17308
species,orc,32,integration-r2-species-v1,20260811,0,29,2392725445,permit-then-idle,truncated,0,2400,64,63,-28,0,0,2492,40,22048,22036,23239
species,orc,32,integration-r2-species-v1,20260811,0,30,752193910,passive-control,truncated,0,2400,13,12,-19,1,1,57,33,17183,17171,17183
species,orc,32,integration-r2-species-v1,20260811,0,31,3406629671,uniform-random-legal,stagnated,3,147,0,-1,0,0,0,0,0,19,7,19
species,orc,32,integration-r2-species-v1,20260811,0,32,1766098136,permissive-breadth,truncated,0,2400,64,63,7,0,0,922,33,22753,22741,22762
species,orc,32,integration-r2-species-v1,20260811,0,33,125566601,narrow-depth,stagnated,3,521,0,-1,-2,0,0,0,1,75,63,75
species,orc,32,integration-r2-species-v1,20260811,0,34,2780002362,denial-warden,stagnated,3,502,0,-1,0,0,0,0,4,111,99,111
species,orc,32,integration-r2-species-v1,20260811,0,35,1139470827,archivist,truncated,0,2400,0,-1,0,0,0,0,1024,728,716,848
species,orc,32,integration-r2-species-v1,20260811,0,36,3793906588,portal-rush,stagnated,3,487,0,-1,-2,0,0,0,2,49,37,49
species,orc,32,integration-r2-species-v1,20260811,0,37,2153375053,worship-maximizer,stagnated,3,490,0,-1,0,0,0,0,0,82,70,82
species,orc,32,integration-r2-species-v1,20260811,0,38,512843518,idle-then-declare,truncated,0,2400,13,12,0,0,0,88,34,17340,17328,17340
species,orc,32,integration-r2-species-v1,20260811,0,39,3167279279,permit-then-idle,stagnated,3,215,0,-1,0,0,0,0,0,26,14,26
species,orc,32,integration-r2-species-v1,20260811,0,40,1526747744,passive-control,truncated,0,2400,0,-1,0,0,0,0,35,17371,17359,17371
species,orc,32,integration-r2-species-v1,20260811,0,41,4181183505,uniform-random-legal,truncated,0,2400,34,33,1,0,0,4616,760,470,458,586
species,orc,32,integration-r2-species-v1,20260811,0,42,2540651970,permissive-breadth,stagnated,3,136,0,-1,0,0,0,0,0,29,17,29
species,orc,32,integration-r2-species-v1,20260811,0,43,900120435,narrow-depth,stagnated,3,492,0,-1,0,0,0,0,1,70,58,70
species,orc,32,integration-r2-species-v1,20260811,0,44,3554556196,denial-warden,stagnated,3,530,0,-1,0,0,0,0,16,115,103,121
species,orc,32,integration-r2-species-v1,20260811,0,45,1914024661,archivist,truncated,0,2400,37,36,0,0,0,4433,850,550,538,614
species,orc,32,integration-r2-species-v1,20260811,0,46,273493126,portal-rush,stagnated,3,488,2,1,0,0,0,3,2,54,42,54
species,orc,32,integration-r2-species-v1,20260811,0,47,2927928887,worship-maximizer,stagnated,3,206,0,-1,-19,0,0,0,0,40,28,41
species,orc,32,integration-r2-species-v1,20260811,0,48,1287397352,idle-then-declare,stagnated,3,864,8,7,0,8,8,8,28,196,184,196
species,orc,32,integration-r2-species-v1,20260811,0,49,3941833113,permit-then-idle,truncated,0,2400,73,72,-22,0,0,535,41,19404,19392,19404
species,orc,32,integration-r2-species-v1,20260811,0,50,2301301578,passive-control,stagnated,3,175,0,-1,0,0,0,0,0,17,5,17
species,orc,32,integration-r2-species-v1,20260811,0,51,660770043,uniform-random-legal,truncated,0,2400,37,36,0,0,0,5269,814,556,544,609
species,orc,32,integration-r2-species-v1,20260811,0,52,3315205804,permissive-breadth,truncated,0,2400,85,84,2,0,0,1269,31,21872,21860,23184
species,orc,32,integration-r2-species-v1,20260811,0,53,1674674269,narrow-depth,stagnated,3,559,0,-1,0,0,0,0,7,85,73,86
species,orc,32,integration-r2-species-v1,20260811,0,54,34142734,denial-warden,stagnated,3,573,0,-1,0,0,0,0,8,103,91,103
species,orc,32,integration-r2-species-v1,20260811,0,55,2688578495,archivist,truncated,0,2400,10,9,0,0,0,1431,1199,812,800,939
species,orc,32,integration-r2-species-v1,20260811,0,56,1048046960,portal-rush,truncated,0,2400,10,9,-22,0,0,26,29,17374,17362,17374
species,orc,32,integration-r2-species-v1,20260811,0,57,3702482721,worship-maximizer,stagnated,3,224,0,-1,0,0,0,0,0,23,11,24
species,orc,32,integration-r2-species-v1,20260811,0,58,2061951186,idle-then-declare,stagnated,3,385,0,-1,0,0,0,0,0,36,24,36
species,orc,32,integration-r2-species-v1,20260811,0,59,421419651,permit-then-idle,stagnated,3,344,0,-1,0,0,0,0,0,52,40,52
species,orc,32,integration-r2-species-v1,20260811,0,60,3075855412,passive-control,truncated,0,2400,0,-1,0,0,0,0,41,17382,17370,17382
species,orc,32,integration-r2-species-v1,20260811,0,61,1435323877,uniform-random-legal,stagnated,3,147,0,-1,0,0,0,0,0,26,14,28
species,orc,32,integration-r2-species-v1,20260811,0,62,4089759638,permissive-breadth,stagnated,3,74,0,-1,0,0,0,0,0,17,5,17
species,orc,32,integration-r2-species-v1,20260811,0,63,2449228103,narrow-depth,stagnated,3,506,1,0,0,1,106,106,0,60,48,60
species,orc,32,integration-r2-species-v1,20260811,0,64,808696568,denial-warden,stagnated,3,567,0,-1,0,0,0,0,0,43,31,43
species,orc,32,integration-r2-species-v1,20260811,0,65,3463132329,archivist,stagnated,3,481,1,0,0,0,0,1,1,66,54,66
species,orc,32,integration-r2-species-v1,20260811,0,66,1822600794,portal-rush,stagnated,3,487,0,-1,0,0,0,0,3,75,63,75
species,orc,32,integration-r2-species-v1,20260811,0,67,182069259,worship-maximizer,truncated,0,2400,0,-1,0,0,0,0,34,17222,17210,17222
species,orc,32,integration-r2-species-v1,20260811,0,68,2836505020,idle-then-declare,truncated,0,2400,4,3,-13,0,0,17,34,17194,17182,17194
species,orc,32,integration-r2-species-v1,20260811,0,69,1195973485,permit-then-idle,truncated,0,2400,50,49,0,0,0,830,33,17781,17769,17781
species,orc,32,integration-r2-species-v1,20260811,0,70,3850409246,passive-control,truncated,0,2400,0,-1,0,0,0,0,35,17308,17296,17308
species,orc,32,integration-r2-species-v1,20260811,0,71,2209877711,uniform-random-legal,truncated,0,2400,35,34,0,0,0,5356,809,521,509,589
species,orc,32,integration-r2-species-v1,20260811,0,72,569346176,permissive-breadth,stagnated,3,160,0,-1,0,0,0,0,0,19,7,19
species,orc,32,integration-r2-species-v1,20260811,0,73,3223781937,narrow-depth,stagnated,3,521,3,2,0,1,1,4,17,112,100,113
species,orc,32,integration-r2-species-v1,20260811,0,74,1583250402,denial-warden,stagnated,3,521,0,-1,0,0,0,0,0,78,66,79
species,orc,32,integration-r2-species-v1,20260811,0,75,4237686163,archivist,stagnated,3,228,0,-1,0,0,0,0,0,27,15,27
species,orc,32,integration-r2-species-v1,20260811,0,76,2597154628,portal-rush,truncated,0,2400,34,33,0,0,0,289,27,17215,17203,17215
species,orc,32,integration-r2-species-v1,20260811,0,77,956623093,worship-maximizer,stagnated,3,811,3,2,-33,0,0,9,32,173,161,173
species,orc,32,integration-r2-species-v1,20260811,0,78,3611058854,idle-then-declare,stagnated,3,93,0,-1,0,0,0,0,0,19,7,19
species,orc,32,integration-r2-species-v1,20260811,0,79,1970527319,permit-then-idle,truncated,0,2400,57,56,-12,0,0,359,29,20552,20540,20574
species,orc,32,integration-r2-species-v1,20260811,0,80,329995784,passive-control,stagnated,3,521,6,5,0,0,0,6,2,77,65,78
species,orc,32,integration-r2-species-v1,20260811,0,81,2984431545,uniform-random-legal,truncated,0,2400,34,33,0,0,0,4693,750,471,459,559
species,orc,32,integration-r2-species-v1,20260811,0,82,1343900010,permissive-breadth,truncated,0,2400,60,59,-3,0,0,847,36,18277,18265,18277
species,orc,32,integration-r2-species-v1,20260811,0,83,3998335771,narrow-depth,stagnated,3,172,0,-1,0,0,0,0,0,20,8,20
species,orc,32,integration-r2-species-v1,20260811,0,84,2357804236,denial-warden,stagnated,3,565,0,-1,0,0,0,0,30,143,131,143
species,orc,32,integration-r2-species-v1,20260811,0,85,717272701,archivist,stagnated,3,442,0,-1,-16,0,0,0,0,42,30,45
species,orc,32,integration-r2-species-v1,20260811,0,86,3371708462,portal-rush,truncated,0,2400,22,21,-13,0,0,55,37,17463,17451,17465
species,orc,32,integration-r2-species-v1,20260811,0,87,1731176927,worship-maximizer,truncated,0,2400,0,-1,-5,0,0,0,34,17233,17221,17233
species,orc,32,integration-r2-species-v1,20260811,0,88,90645392,idle-then-declare,truncated,0,2400,29,28,-1,0,0,58,33,17093,17081,17093
species,orc,32,integration-r2-species-v1,20260811,0,89,2745081153,permit-then-idle,truncated,0,2400,64,63,0,0,0,558,39,20493,20481,20493
species,orc,32,integration-r2-species-v1,20260811,0,90,1104549618,passive-control,truncated,0,2400,0,-1,0,0,0,0,35,17421,17409,17421
species,orc,32,integration-r2-species-v1,20260811,0,91,3758985379,uniform-random-legal,truncated,0,2400,15,14,0,0,0,1300,757,526,514,568
species,orc,32,integration-r2-species-v1,20260811,0,92,2118453844,permissive-breadth,truncated,0,2400,55,54,11,0,0,473,31,16392,16380,16392
species,orc,32,integration-r2-species-v1,20260811,0,93,477922309,narrow-depth,stagnated,3,536,4,3,0,4,26,34,6,77,65,77
species,orc,32,integration-r2-species-v1,20260811,0,94,3132358070,denial-warden,stagnated,3,499,0,-1,0,0,0,0,0,48,36,48
species,orc,32,integration-r2-species-v1,20260811,0,95,1491826535,archivist,stagnated,3,504,19,18,0,19,42,42,0,70,58,70
species,orc,32,integration-r2-species-v1,20260811,0,96,4146262296,portal-rush,stagnated,3,481,1,0,0,0,0,1,1,43,31,44
species,orc,32,integration-r2-species-v1,20260811,0,97,2505730761,worship-maximizer,truncated,0,2400,0,-1,0,0,0,0,37,17357,17345,17357
species,orc,32,integration-r2-species-v1,20260811,0,98,865199226,idle-then-declare,truncated,0,2400,27,26,-3,3,3,109,40,17287,17275,17287
species,orc,32,integration-r2-species-v1,20260811,0,99,3519634987,permit-then-idle,truncated,0,2400,90,89,-1,0,0,2371,39,21359,21347,23907
tradition,true-naming,true-naming,integration-r2-v1,20260811,0,0,2779003760,passive-control,truncated,0,2400,51,50,0,47,83,2573,59,17587,17515,17587
tradition,true-naming,true-naming,integration-r2-v1,20260811,0,1,1138472225,uniform-random-legal,truncated,0,2400,61,60,0,19,251,6228,341,21536,21464,21536
tradition,true-naming,true-naming,integration-r2-v1,20260811,0,2,3792907986,permissive-breadth,ascended,2,962,200,199,33,77,390,3901,56,784,712,784
tradition,true-naming,true-naming,integration-r2-v1,20260811,0,3,2152376451,narrow-depth,stagnated,3,524,6,5,0,6,71,137,18,305,233,305
tradition,true-naming,true-naming,integration-r2-v1,20260811,0,4,511844916,denial-warden,stagnated,3,507,5,4,0,5,16,16,20,283,211,283
tradition,true-naming,true-naming,integration-r2-v1,20260811,0,5,3166280677,archivist,truncated,0,2400,51,50,0,51,720,6144,2814,15222,15150,15222
tradition,true-naming,true-naming,integration-r2-v1,20260811,0,6,1525749142,portal-rush,truncated,0,2400,61,60,9,35,308,1710,37,18212,18140,18212
tradition,true-naming,true-naming,integration-r2-v1,20260811,0,7,4180184903,worship-maximizer,truncated,0,2400,51,50,0,47,155,2735,60,17802,17730,17802
tradition,true-naming,true-naming,integration-r2-v1,20260811,0,8,2539653368,idle-then-declare,truncated,0,2400,51,50,0,41,73,2599,66,17699,17627,17699
tradition,true-naming,true-naming,integration-r2-v1,20260811,0,9,899121833,permit-then-idle,ascended,1,1687,190,189,22,89,279,4991,52,10195,10123,10195
tradition,true-naming,true-naming,integration-r2-v1,20260811,0,10,3553557594,passive-control,truncated,0,2400,51,50,0,45,105,2150,56,18079,18007,18079
tradition,true-naming,true-naming,integration-r2-v1,20260811,0,11,1913026059,uniform-random-legal,truncated,0,2400,63,62,0,38,249,6240,311,23360,23288,23360
tradition,true-naming,true-naming,integration-r2-v1,20260811,0,12,272494524,permissive-breadth,ascended,2,1202,197,196,30,38,140,2710,29,1848,1776,1848
tradition,true-naming,true-naming,integration-r2-v1,20260811,0,13,2926930285,narrow-depth,stagnated,3,525,6,5,0,6,61,110,16,202,130,202
tradition,true-naming,true-naming,integration-r2-v1,20260811,0,14,1286398750,denial-warden,stagnated,3,506,2,1,0,2,22,22,19,210,138,210
tradition,true-naming,true-naming,integration-r2-v1,20260811,0,15,3940834511,archivist,truncated,0,2400,51,50,0,50,575,6144,2357,14044,13972,14044
tradition,true-naming,true-naming,integration-r2-v1,20260811,0,16,2300302976,portal-rush,truncated,0,2400,48,47,14,14,211,1976,48,17403,17331,17403
tradition,true-naming,true-naming,integration-r2-v1,20260811,0,17,659771441,worship-maximizer,truncated,0,2400,51,50,0,49,109,2626,68,18063,17991,18063
tradition,true-naming,true-naming,integration-r2-v1,20260811,0,18,3314207202,idle-then-declare,truncated,0,2400,51,50,0,50,74,2280,66,18410,18338,18410
tradition,true-naming,true-naming,integration-r2-v1,20260811,0,19,1673675667,permit-then-idle,ascended,2,1202,211,210,28,47,519,4764,40,2371,2299,2371
tradition,true-naming,true-naming,integration-r2-v1,20260811,0,20,33144132,passive-control,truncated,0,2400,51,50,0,49,84,2849,79,18452,18380,18452
tradition,true-naming,true-naming,integration-r2-v1,20260811,0,21,2687579893,uniform-random-legal,truncated,0,2400,61,60,0,35,279,6240,449,25408,25336,25408
tradition,true-naming,true-naming,integration-r2-v1,20260811,0,22,1047048358,permissive-breadth,ascended,2,962,198,197,28,93,740,4820,68,1090,1018,1090
tradition,true-naming,true-naming,integration-r2-v1,20260811,0,23,3701484119,narrow-depth,stagnated,3,524,6,5,0,5,71,117,16,272,200,272
tradition,true-naming,true-naming,integration-r2-v1,20260811,0,24,2060952584,denial-warden,stagnated,3,505,2,1,0,2,16,16,19,205,133,206
tradition,true-naming,true-naming,integration-r2-v1,20260811,0,25,420421049,archivist,truncated,0,2400,51,50,0,49,434,6144,2318,13599,13527,13599
tradition,true-naming,true-naming,integration-r2-v1,20260811,0,26,3074856810,portal-rush,truncated,0,2400,52,51,-3,23,247,488,11,18019,17947,18019
tradition,true-naming,true-naming,integration-r2-v1,20260811,0,27,1434325275,worship-maximizer,truncated,0,2400,51,50,1,42,56,2720,75,18003,17931,18003
tradition,true-naming,true-naming,integration-r2-v1,20260811,0,28,4088761036,idle-then-declare,truncated,0,2400,51,50,0,44,65,2330,60,17786,17714,17786
tradition,true-naming,true-naming,integration-r2-v1,20260811,0,29,2448229501,permit-then-idle,ascended,2,1202,212,211,35,150,360,4286,41,1394,1322,1394
tradition,true-naming,true-naming,integration-r2-v1,20260811,0,30,807697966,passive-control,truncated,0,2400,51,50,0,37,41,2843,64,17892,17820,17892
tradition,true-naming,true-naming,integration-r2-v1,20260811,0,31,3462133727,uniform-random-legal,truncated,0,2400,63,62,0,45,221,6212,310,23642,23570,23642
tradition,true-naming,true-naming,integration-r2-v1,20260811,0,32,1821602192,permissive-breadth,ascended,2,962,189,188,26,74,619,5820,73,1410,1338,1410
tradition,true-naming,true-naming,integration-r2-v1,20260811,0,33,181070657,narrow-depth,stagnated,3,525,4,3,0,4,49,127,23,270,198,270
tradition,true-naming,true-naming,integration-r2-v1,20260811,0,34,2835506418,denial-warden,stagnated,3,505,2,1,0,2,21,21,13,235,163,235
tradition,true-naming,true-naming,integration-r2-v1,20260811,0,35,1194974883,archivist,truncated,0,2400,51,50,0,26,359,6144,2587,14058,13986,14058
tradition,true-naming,true-naming,integration-r2-v1,20260811,0,36,3849410644,portal-rush,truncated,0,2400,62,61,1,21,391,1599,30,17626,17554,17626
tradition,true-naming,true-naming,integration-r2-v1,20260811,0,37,2208879109,worship-maximizer,truncated,0,2400,51,50,0,47,92,2766,72,18117,18045,18117
tradition,true-naming,true-naming,integration-r2-v1,20260811,0,38,568347574,idle-then-declare,truncated,0,2400,51,50,0,43,84,2525,68,18216,18144,18216
tradition,true-naming,true-naming,integration-r2-v1,20260811,0,39,3222783335,permit-then-idle,ascended,2,1202,204,203,31,104,404,5820,52,2404,2332,2404
tradition,true-naming,true-naming,integration-r2-v1,20260811,0,40,1582251800,passive-control,truncated,0,2400,51,50,0,49,88,2773,70,17857,17785,17857
tradition,true-naming,true-naming,integration-r2-v1,20260811,0,41,4236687561,uniform-random-legal,truncated,0,2400,63,62,0,36,330,6204,370,25096,25024,25096
tradition,true-naming,true-naming,integration-r2-v1,20260811,0,42,2596156026,permissive-breadth,ascended,2,1202,206,205,23,43,551,4844,55,1929,1857,1929
tradition,true-naming,true-naming,integration-r2-v1,20260811,0,43,955624491,narrow-depth,truncated,0,2400,3,2,0,3,88,183,67,17843,17771,17843
tradition,true-naming,true-naming,integration-r2-v1,20260811,0,44,3610060252,denial-warden,stagnated,3,504,2,1,0,2,12,12,12,251,179,251
tradition,true-naming,true-naming,integration-r2-v1,20260811,0,45,1969528717,archivist,truncated,0,2400,51,50,0,0,0,6144,2076,9780,9708,9780
tradition,true-naming,true-naming,integration-r2-v1,20260811,0,46,328997182,portal-rush,truncated,0,2400,47,46,-12,27,343,763,17,17620,17548,17620
tradition,true-naming,true-naming,integration-r2-v1,20260811,0,47,2983432943,worship-maximizer,truncated,0,2400,51,50,0,38,43,2543,65,17597,17525,17597
tradition,true-naming,true-naming,integration-r2-v1,20260811,0,48,1342901408,idle-then-declare,truncated,0,2400,51,50,0,40,56,2387,72,18053,17981,18053
tradition,true-naming,true-naming,integration-r2-v1,20260811,0,49,3997337169,permit-then-idle,ascended,2,1202,217,216,31,121,302,5346,38,3073,3001,3073
tradition,true-naming,true-naming,integration-r2-v1,20260811,0,50,2356805634,passive-control,truncated,0,2400,51,50,0,17,30,2373,62,17628,17556,17628
tradition,true-naming,true-naming,integration-r2-v1,20260811,0,51,716274099,uniform-random-legal,truncated,0,2400,63,62,0,41,420,6220,402,25336,25264,25336
tradition,true-naming,true-naming,integration-r2-v1,20260811,0,52,3370709860,permissive-breadth,ascended,2,1202,209,208,35,9,77,3760,34,2409,2337,2409
tradition,true-naming,true-naming,integration-r2-v1,20260811,0,53,1730178325,narrow-depth,truncated,0,2400,3,2,-2,3,63,174,59,18127,18055,18127
tradition,true-naming,true-naming,integration-r2-v1,20260811,0,54,89646790,denial-warden,stagnated,3,507,3,2,0,3,17,17,24,274,202,274
tradition,true-naming,true-naming,integration-r2-v1,20260811,0,55,2744082551,archivist,truncated,0,2400,51,50,0,41,462,6144,2882,16443,16371,16443
tradition,true-naming,true-naming,integration-r2-v1,20260811,0,56,1103551016,portal-rush,truncated,0,2400,60,59,-1,0,304,832,15,17592,17520,17592
tradition,true-naming,true-naming,integration-r2-v1,20260811,0,57,3757986777,worship-maximizer,truncated,0,2400,51,50,0,49,59,2512,64,17557,17485,17557
tradition,true-naming,true-naming,integration-r2-v1,20260811,0,58,2117455242,idle-then-declare,truncated,0,2400,51,50,0,49,63,3003,74,17567,17495,17567
tradition,true-naming,true-naming,integration-r2-v1,20260811,0,59,476923707,permit-then-idle,ascended,2,1202,202,201,37,36,281,3823,41,2305,2233,2305
tradition,true-naming,true-naming,integration-r2-v1,20260811,0,60,3131359468,passive-control,truncated,0,2400,51,50,0,49,102,2961,70,17775,17703,17775
tradition,true-naming,true-naming,integration-r2-v1,20260811,0,61,1490827933,uniform-random-legal,truncated,0,2400,61,60,-2,25,348,5995,310,22189,22117,22189
tradition,true-naming,true-naming,integration-r2-v1,20260811,0,62,4145263694,permissive-breadth,ascended,2,1202,204,203,19,73,327,3805,40,2431,2359,2431
tradition,true-naming,true-naming,integration-r2-v1,20260811,0,63,2504732159,narrow-depth,truncated,0,2400,5,4,0,5,92,170,64,17479,17407,17479
tradition,true-naming,true-naming,integration-r2-v1,20260811,0,64,864200624,denial-warden,stagnated,3,506,2,1,0,2,9,9,19,265,193,265
tradition,true-naming,true-naming,integration-r2-v1,20260811,0,65,3518636385,archivist,truncated,0,2400,51,50,0,20,184,6144,2248,9892,9820,9892
tradition,true-naming,true-naming,integration-r2-v1,20260811,0,66,1878104850,portal-rush,truncated,0,2400,45,44,5,1,164,1022,19,17688,17616,17688
tradition,true-naming,true-naming,integration-r2-v1,20260811,0,67,237573315,worship-maximizer,truncated,0,2400,51,50,0,33,43,2589,69,17629,17557,17629
tradition,true-naming,true-naming,integration-r2-v1,20260811,0,68,2892009076,idle-then-declare,truncated,0,2400,51,50,0,48,82,2434,59,17501,17429,17501
tradition,true-naming,true-naming,integration-r2-v1,20260811,0,69,1251477541,permit-then-idle,ascended,2,1202,210,209,34,118,352,4706,49,1327,1255,1330
tradition,true-naming,true-naming,integration-r2-v1,20260811,0,70,3905913302,passive-control,truncated,0,2400,51,50,0,42,59,2403,68,18165,18093,18165
tradition,true-naming,true-naming,integration-r2-v1,20260811,0,71,2265381767,uniform-random-legal,truncated,0,2400,63,62,0,32,174,6188,397,23696,23624,23696
tradition,true-naming,true-naming,integration-r2-v1,20260811,0,72,624850232,permissive-breadth,ascended,2,962,211,210,34,181,926,8019,101,1027,955,1027
tradition,true-naming,true-naming,integration-r2-v1,20260811,0,73,3279285993,narrow-depth,stagnated,3,523,6,5,-1,6,59,130,23,258,186,258
tradition,true-naming,true-naming,integration-r2-v1,20260811,0,74,1638754458,denial-warden,truncated,0,2400,0,-1,0,0,0,0,74,18429,18357,18429
tradition,true-naming,true-naming,integration-r2-v1,20260811,0,75,4293190219,archivist,truncated,0,2400,51,50,0,46,547,6144,2117,12697,12625,12697
tradition,true-naming,true-naming,integration-r2-v1,20260811,0,76,2652658684,portal-rush,truncated,0,2400,54,53,9,1,225,1233,24,18140,18068,18140
tradition,true-naming,true-naming,integration-r2-v1,20260811,0,77,1012127149,worship-maximizer,truncated,0,2400,51,50,0,50,77,2952,75,18050,17978,18050
tradition,true-naming,true-naming,integration-r2-v1,20260811,0,78,3666562910,idle-then-declare,truncated,0,2400,51,50,0,36,50,3080,70,18307,18235,18307
tradition,true-naming,true-naming,integration-r2-v1,20260811,0,79,2026031375,permit-then-idle,ascended,2,1202,222,221,33,165,960,9036,82,2834,2762,2834
tradition,true-naming,true-naming,integration-r2-v1,20260811,0,80,385499840,passive-control,truncated,0,2400,51,50,0,49,70,3097,79,17936,17864,17936
tradition,true-naming,true-naming,integration-r2-v1,20260811,0,81,3039935601,uniform-random-legal,truncated,0,2400,63,62,0,51,373,6232,328,24822,24750,24822
tradition,true-naming,true-naming,integration-r2-v1,20260811,0,82,1399404066,permissive-breadth,ascended,2,1202,208,207,37,93,575,5128,63,1546,1474,1546
tradition,true-naming,true-naming,integration-r2-v1,20260811,0,83,4053839827,narrow-depth,stagnated,3,525,3,2,0,3,66,114,15,240,168,240
tradition,true-naming,true-naming,integration-r2-v1,20260811,0,84,2413308292,denial-warden,stagnated,3,507,0,-1,-1,0,0,0,17,244,172,244
tradition,true-naming,true-naming,integration-r2-v1,20260811,0,85,772776757,archivist,truncated,0,2400,51,50,0,51,587,6144,2989,17195,17123,17195
tradition,true-naming,true-naming,integration-r2-v1,20260811,0,86,3427212518,portal-rush,truncated,0,2400,61,60,10,1,149,1780,40,18195,18123,18195
tradition,true-naming,true-naming,integration-r2-v1,20260811,0,87,1786680983,worship-maximizer,truncated,0,2400,51,50,1,23,44,2711,73,18273,18201,18273
tradition,true-naming,true-naming,integration-r2-v1,20260811,0,88,146149448,idle-then-declare,truncated,0,2400,51,50,0,41,60,2595,61,17025,16953,17025
tradition,true-naming,true-naming,integration-r2-v1,20260811,0,89,2800585209,permit-then-idle,ascended,2,962,180,179,24,101,774,7559,107,969,897,969
tradition,true-naming,true-naming,integration-r2-v1,20260811,0,90,1160053674,passive-control,truncated,0,2400,51,50,0,8,56,2792,76,18670,18598,18670
tradition,true-naming,true-naming,integration-r2-v1,20260811,0,91,3814489435,uniform-random-legal,truncated,0,2400,63,62,0,43,414,6228,389,25072,25000,25072
tradition,true-naming,true-naming,integration-r2-v1,20260811,0,92,2173957900,permissive-breadth,ascended,2,962,198,197,36,113,786,6884,90,980,908,980
tradition,true-naming,true-naming,integration-r2-v1,20260811,0,93,533426365,narrow-depth,truncated,0,2400,3,2,0,3,70,186,71,17653,17581,17653
tradition,true-naming,true-naming,integration-r2-v1,20260811,0,94,3187862126,denial-warden,stagnated,3,504,3,2,0,3,14,14,16,229,157,229
tradition,true-naming,true-naming,integration-r2-v1,20260811,0,95,1547330591,archivist,truncated,0,2400,51,50,0,39,404,6144,2742,15220,15148,15220
tradition,true-naming,true-naming,integration-r2-v1,20260811,0,96,4201766352,portal-rush,truncated,0,2400,61,60,4,22,281,851,18,17946,17874,17946
tradition,true-naming,true-naming,integration-r2-v1,20260811,0,97,2561234817,worship-maximizer,truncated,0,2400,51,50,0,42,61,2721,68,18234,18162,18234
tradition,true-naming,true-naming,integration-r2-v1,20260811,0,98,920703282,idle-then-declare,truncated,0,2400,51,50,0,51,61,2711,75,18228,18156,18228
tradition,true-naming,true-naming,integration-r2-v1,20260811,0,99,3575139043,permit-then-idle,ascended,2,962,198,197,30,50,187,4845,57,986,914,986
tradition,vancian-memorization,vancian-memorization,integration-r2-v1,20260811,0,0,2779003760,passive-control,truncated,0,2400,51,50,0,41,65,2315,65,17618,17546,17618
tradition,vancian-memorization,vancian-memorization,integration-r2-v1,20260811,0,1,1138472225,uniform-random-legal,truncated,0,2400,51,50,0,46,453,6144,357,23526,23454,23526
tradition,vancian-memorization,vancian-memorization,integration-r2-v1,20260811,0,2,3792907986,permissive-breadth,ascended,2,962,240,239,38,93,265,3984,92,923,851,923
tradition,vancian-memorization,vancian-memorization,integration-r2-v1,20260811,0,3,2152376451,narrow-depth,stagnated,3,512,6,5,0,6,75,112,22,332,260,332
tradition,vancian-memorization,vancian-memorization,integration-r2-v1,20260811,0,4,511844916,denial-warden,stagnated,3,511,2,1,0,2,19,19,20,261,189,261
tradition,vancian-memorization,vancian-memorization,integration-r2-v1,20260811,0,5,3166280677,archivist,truncated,0,2400,51,50,0,11,269,6144,2435,12783,12711,12783
tradition,vancian-memorization,vancian-memorization,integration-r2-v1,20260811,0,6,1525749142,portal-rush,truncated,0,2400,51,50,0,32,72,1793,64,17373,17301,17373
tradition,vancian-memorization,vancian-memorization,integration-r2-v1,20260811,0,7,4180184903,worship-maximizer,truncated,0,2400,51,50,0,34,115,1843,58,17638,17566,17638
tradition,vancian-memorization,vancian-memorization,integration-r2-v1,20260811,0,8,2539653368,idle-then-declare,truncated,0,2400,51,50,0,27,111,1951,65,18308,18236,18308
tradition,vancian-memorization,vancian-memorization,integration-r2-v1,20260811,0,9,899121833,permit-then-idle,ascended,2,1922,249,248,20,19,91,3581,49,12539,12467,12539
tradition,vancian-memorization,vancian-memorization,integration-r2-v1,20260811,0,10,3553557594,passive-control,truncated,0,2400,51,50,0,51,102,2018,70,18013,17941,18013
tradition,vancian-memorization,vancian-memorization,integration-r2-v1,20260811,0,11,1913026059,uniform-random-legal,truncated,0,2400,51,50,0,49,223,6144,258,22483,22411,22483
tradition,vancian-memorization,vancian-memorization,integration-r2-v1,20260811,0,12,272494524,permissive-breadth,ascended,2,962,209,208,18,1,131,2236,51,696,624,696
tradition,vancian-memorization,vancian-memorization,integration-r2-v1,20260811,0,13,2926930285,narrow-depth,stagnated,3,513,6,5,0,6,61,91,14,224,152,224
tradition,vancian-memorization,vancian-memorization,integration-r2-v1,20260811,0,14,1286398750,denial-warden,stagnated,3,509,2,1,0,2,21,21,17,215,143,215
tradition,vancian-memorization,vancian-memorization,integration-r2-v1,20260811,0,15,3940834511,archivist,truncated,0,2400,51,50,0,41,248,6144,3024,13162,13090,13162
tradition,vancian-memorization,vancian-memorization,integration-r2-v1,20260811,0,16,2300302976,portal-rush,truncated,0,2400,51,50,0,49,92,1989,72,17723,17651,17723
tradition,vancian-memorization,vancian-memorization,integration-r2-v1,20260811,0,17,659771441,worship-maximizer,truncated,0,2400,51,50,0,33,106,2019,64,18104,18032,18104
tradition,vancian-memorization,vancian-memorization,integration-r2-v1,20260811,0,18,3314207202,idle-then-declare,truncated,0,2400,51,50,0,44,73,2367,72,18128,18056,18128
tradition,vancian-memorization,vancian-memorization,integration-r2-v1,20260811,0,19,1673675667,permit-then-idle,ascended,2,962,219,218,24,4,123,3107,65,786,714,786
tradition,vancian-memorization,vancian-memorization,integration-r2-v1,20260811,0,20,33144132,passive-control,truncated,0,2400,51,50,0,49,85,2523,75,18364,18292,18364
tradition,vancian-memorization,vancian-memorization,integration-r2-v1,20260811,0,21,2687579893,uniform-random-legal,truncated,0,2400,51,50,0,51,650,6144,432,25434,25362,25434
tradition,vancian-memorization,vancian-memorization,integration-r2-v1,20260811,0,22,1047048358,permissive-breadth,ascended,1,1696,261,260,27,1,52,3984,49,9914,9842,9914
tradition,vancian-memorization,vancian-memorization,integration-r2-v1,20260811,0,23,3701484119,narrow-depth,stagnated,3,513,6,5,0,6,93,115,19,270,198,270
tradition,vancian-memorization,vancian-memorization,integration-r2-v1,20260811,0,24,2060952584,denial-warden,stagnated,3,511,2,1,0,2,15,15,17,232,160,232
tradition,vancian-memorization,vancian-memorization,integration-r2-v1,20260811,0,25,420421049,archivist,truncated,0,2400,51,50,0,45,204,6144,2984,12591,12519,12591
tradition,vancian-memorization,vancian-memorization,integration-r2-v1,20260811,0,26,3074856810,portal-rush,truncated,0,2400,51,50,0,28,64,2192,68,18171,18099,18171
tradition,vancian-memorization,vancian-memorization,integration-r2-v1,20260811,0,27,1434325275,worship-maximizer,truncated,0,2400,51,50,0,36,45,1735,59,17728,17656,17728
tradition,vancian-memorization,vancian-memorization,integration-r2-v1,20260811,0,28,4088761036,idle-then-declare,truncated,0,2400,51,50,0,39,62,1838,63,17550,17478,17550
tradition,vancian-memorization,vancian-memorization,integration-r2-v1,20260811,0,29,2448229501,permit-then-idle,ascended,2,962,213,212,26,25,167,2948,58,675,603,675
tradition,vancian-memorization,vancian-memorization,integration-r2-v1,20260811,0,30,807697966,passive-control,truncated,0,2400,51,50,0,29,50,2383,75,18077,18005,18077
tradition,vancian-memorization,vancian-memorization,integration-r2-v1,20260811,0,31,3462133727,uniform-random-legal,truncated,0,2400,51,50,0,51,344,6144,317,22388,22316,22388
tradition,vancian-memorization,vancian-memorization,integration-r2-v1,20260811,0,32,1821602192,permissive-breadth,ascended,2,962,208,207,27,1,239,3678,61,1374,1302,1374
tradition,vancian-memorization,vancian-memorization,integration-r2-v1,20260811,0,33,181070657,narrow-depth,stagnated,3,512,4,3,0,4,51,79,15,231,159,231
tradition,vancian-memorization,vancian-memorization,integration-r2-v1,20260811,0,34,2835506418,denial-warden,stagnated,3,508,2,1,0,2,20,20,14,264,192,264
tradition,vancian-memorization,vancian-memorization,integration-r2-v1,20260811,0,35,1194974883,archivist,truncated,0,2400,51,50,0,46,210,6144,2753,12486,12414,12486
tradition,vancian-memorization,vancian-memorization,integration-r2-v1,20260811,0,36,3849410644,portal-rush,truncated,0,2400,51,50,0,30,98,2165,77,17701,17629,17701
tradition,vancian-memorization,vancian-memorization,integration-r2-v1,20260811,0,37,2208879109,worship-maximizer,truncated,0,2400,51,50,0,28,115,2128,70,18312,18240,18312
tradition,vancian-memorization,vancian-memorization,integration-r2-v1,20260811,0,38,568347574,idle-then-declare,truncated,0,2400,51,50,0,47,99,2078,59,17783,17711,17783
tradition,vancian-memorization,vancian-memorization,integration-r2-v1,20260811,0,39,3222783335,permit-then-idle,ascended,2,962,222,221,26,18,362,5459,77,1276,1204,1276
tradition,vancian-memorization,vancian-memorization,integration-r2-v1,20260811,0,40,1582251800,passive-control,truncated,0,2400,51,50,0,49,70,1858,64,18320,18248,18320
tradition,vancian-memorization,vancian-memorization,integration-r2-v1,20260811,0,41,4236687561,uniform-random-legal,truncated,0,2400,51,50,0,28,151,6144,381,25259,25187,25259
tradition,vancian-memorization,vancian-memorization,integration-r2-v1,20260811,0,42,2596156026,permissive-breadth,ascended,2,962,231,230,30,13,176,2452,91,695,623,695
tradition,vancian-memorization,vancian-memorization,integration-r2-v1,20260811,0,43,955624491,narrow-depth,stagnated,3,513,5,4,0,5,91,119,19,336,264,336
tradition,vancian-memorization,vancian-memorization,integration-r2-v1,20260811,0,44,3610060252,denial-warden,stagnated,3,509,2,1,0,2,12,12,13,197,125,197
tradition,vancian-memorization,vancian-memorization,integration-r2-v1,20260811,0,45,1969528717,archivist,truncated,0,2400,51,50,0,0,0,6144,2519,13298,13226,13298
tradition,vancian-memorization,vancian-memorization,integration-r2-v1,20260811,0,46,328997182,portal-rush,truncated,0,2400,51,50,0,34,104,1764,66,17826,17754,17826
tradition,vancian-memorization,vancian-memorization,integration-r2-v1,20260811,0,47,2983432943,worship-maximizer,truncated,0,2400,51,50,0,32,58,1851,61,17222,17150,17222
tradition,vancian-memorization,vancian-memorization,integration-r2-v1,20260811,0,48,1342901408,idle-then-declare,truncated,0,2400,51,50,0,40,78,2054,64,17879,17807,17879
tradition,vancian-memorization,vancian-memorization,integration-r2-v1,20260811,0,49,3997337169,permit-then-idle,ascended,2,962,223,222,35,1,298,3770,76,1272,1200,1272
tradition,vancian-memorization,vancian-memorization,integration-r2-v1,20260811,0,50,2356805634,passive-control,truncated,0,2400,51,50,0,20,47,1668,60,17936,17864,17936
tradition,vancian-memorization,vancian-memorization,integration-r2-v1,20260811,0,51,716274099,uniform-random-legal,truncated,0,2400,51,50,0,36,289,6144,398,26067,25995,26067
tradition,vancian-memorization,vancian-memorization,integration-r2-v1,20260811,0,52,3370709860,permissive-breadth,ascended,2,962,213,212,23,1,113,3051,39,1367,1295,1367
tradition,vancian-memorization,vancian-memorization,integration-r2-v1,20260811,0,53,1730178325,narrow-depth,stagnated,3,512,6,5,0,6,103,132,19,329,257,329
tradition,vancian-memorization,vancian-memorization,integration-r2-v1,20260811,0,54,89646790,denial-warden,stagnated,3,508,2,1,0,2,19,19,20,233,161,234
tradition,vancian-memorization,vancian-memorization,integration-r2-v1,20260811,0,55,2744082551,archivist,truncated,0,2400,51,50,0,42,116,6144,2409,17257,17185,17257
tradition,vancian-memorization,vancian-memorization,integration-r2-v1,20260811,0,56,1103551016,portal-rush,truncated,0,2400,51,50,0,48,67,2283,74,17796,17724,17796
tradition,vancian-memorization,vancian-memorization,integration-r2-v1,20260811,0,57,3757986777,worship-maximizer,truncated,0,2400,51,50,0,47,58,2371,71,18049,17977,18049
tradition,vancian-memorization,vancian-memorization,integration-r2-v1,20260811,0,58,2117455242,idle-then-declare,truncated,0,2400,51,50,0,42,71,1808,64,17712,17640,17712
tradition,vancian-memorization,vancian-memorization,integration-r2-v1,20260811,0,59,476923707,permit-then-idle,ascended,2,962,205,204,21,1,348,5951,88,1413,1341,1413
tradition,vancian-memorization,vancian-memorization,integration-r2-v1,20260811,0,60,3131359468,passive-control,truncated,0,2400,51,50,0,35,62,2028,59,17720,17648,17720
tradition,vancian-memorization,vancian-memorization,integration-r2-v1,20260811,0,61,1490827933,uniform-random-legal,truncated,0,2400,51,50,0,51,754,6144,316,22645,22573,22645
tradition,vancian-memorization,vancian-memorization,integration-r2-v1,20260811,0,62,4145263694,permissive-breadth,ascended,2,962,220,219,30,1,300,5119,80,1362,1290,1362
tradition,vancian-memorization,vancian-memorization,integration-r2-v1,20260811,0,63,2504732159,narrow-depth,stagnated,3,513,6,5,0,6,88,114,17,221,149,221
tradition,vancian-memorization,vancian-memorization,integration-r2-v1,20260811,0,64,864200624,denial-warden,stagnated,3,507,2,1,0,2,9,9,15,237,165,237
tradition,vancian-memorization,vancian-memorization,integration-r2-v1,20260811,0,65,3518636385,archivist,truncated,0,2400,51,50,0,41,238,6144,2704,8953,8881,8953
tradition,vancian-memorization,vancian-memorization,integration-r2-v1,20260811,0,66,1878104850,portal-rush,truncated,0,2400,51,50,0,51,94,2409,72,18004,17932,18004
tradition,vancian-memorization,vancian-memorization,integration-r2-v1,20260811,0,67,237573315,worship-maximizer,truncated,0,2400,51,50,0,49,99,1907,65,17652,17580,17652
tradition,vancian-memorization,vancian-memorization,integration-r2-v1,20260811,0,68,2892009076,idle-then-declare,truncated,0,2400,51,50,0,50,81,1782,72,18113,18041,18113
tradition,vancian-memorization,vancian-memorization,integration-r2-v1,20260811,0,69,1251477541,permit-then-idle,ascended,2,1442,260,259,48,13,76,3683,35,5211,5139,5211
tradition,vancian-memorization,vancian-memorization,integration-r2-v1,20260811,0,70,3905913302,passive-control,truncated,0,2400,51,50,0,35,43,1891,67,18086,18014,18086
tradition,vancian-memorization,vancian-memorization,integration-r2-v1,20260811,0,71,2265381767,uniform-random-legal,truncated,0,2400,51,50,0,51,330,6144,372,24212,24140,24212
tradition,vancian-memorization,vancian-memorization,integration-r2-v1,20260811,0,72,624850232,permissive-breadth,ascended,2,962,245,244,32,81,166,2906,68,686,614,686
tradition,vancian-memorization,vancian-memorization,integration-r2-v1,20260811,0,73,3279285993,narrow-depth,truncated,0,2400,3,2,0,3,50,89,51,17530,17458,17530
tradition,vancian-memorization,vancian-memorization,integration-r2-v1,20260811,0,74,1638754458,denial-warden,truncated,0,2400,0,-1,0,0,0,0,69,17869,17797,17869
tradition,vancian-memorization,vancian-memorization,integration-r2-v1,20260811,0,75,4293190219,archivist,truncated,0,2400,51,50,0,1,197,6144,2802,14846,14774,14846
tradition,vancian-memorization,vancian-memorization,integration-r2-v1,20260811,0,76,2652658684,portal-rush,truncated,0,2400,51,50,0,35,99,2055,68,17913,17841,17913
tradition,vancian-memorization,vancian-memorization,integration-r2-v1,20260811,0,77,1012127149,worship-maximizer,truncated,0,2400,51,50,0,50,104,2289,69,18376,18304,18376
tradition,vancian-memorization,vancian-memorization,integration-r2-v1,20260811,0,78,3666562910,idle-then-declare,truncated,0,2400,51,50,0,40,90,1748,58,18146,18074,18146
tradition,vancian-memorization,vancian-memorization,integration-r2-v1,20260811,0,79,2026031375,permit-then-idle,ascended,2,962,221,220,32,1,369,4942,108,1126,1054,1126
tradition,vancian-memorization,vancian-memorization,integration-r2-v1,20260811,0,80,385499840,passive-control,truncated,0,2400,51,50,0,46,75,2099,66,17934,17862,17934
tradition,vancian-memorization,vancian-memorization,integration-r2-v1,20260811,0,81,3039935601,uniform-random-legal,truncated,0,2400,51,50,0,51,292,6144,316,25242,25170,25242
tradition,vancian-memorization,vancian-memorization,integration-r2-v1,20260811,0,82,1399404066,permissive-breadth,ascended,2,1442,241,240,33,1,233,3197,40,5956,5884,5956
tradition,vancian-memorization,vancian-memorization,integration-r2-v1,20260811,0,83,4053839827,narrow-depth,stagnated,3,513,4,3,0,4,58,79,10,257,185,257
tradition,vancian-memorization,vancian-memorization,integration-r2-v1,20260811,0,84,2413308292,denial-warden,stagnated,3,506,0,-1,-1,0,0,0,17,207,135,208
tradition,vancian-memorization,vancian-memorization,integration-r2-v1,20260811,0,85,772776757,archivist,truncated,0,2400,51,50,0,48,219,6144,2949,13865,13793,13865
tradition,vancian-memorization,vancian-memorization,integration-r2-v1,20260811,0,86,3427212518,portal-rush,truncated,0,2400,51,50,0,48,60,2204,75,17878,17806,17878
tradition,vancian-memorization,vancian-memorization,integration-r2-v1,20260811,0,87,1786680983,worship-maximizer,truncated,0,2400,51,50,0,41,75,1883,62,18128,18056,18128
tradition,vancian-memorization,vancian-memorization,integration-r2-v1,20260811,0,88,146149448,idle-then-declare,truncated,0,2400,51,50,0,43,61,2013,56,17154,17082,17154
tradition,vancian-memorization,vancian-memorization,integration-r2-v1,20260811,0,89,2800585209,permit-then-idle,ascended,2,962,219,218,27,1,307,4135,102,921,849,921
tradition,vancian-memorization,vancian-memorization,integration-r2-v1,20260811,0,90,1160053674,passive-control,truncated,0,2400,51,50,0,17,78,1983,67,18101,18029,18101
tradition,vancian-memorization,vancian-memorization,integration-r2-v1,20260811,0,91,3814489435,uniform-random-legal,truncated,0,2400,51,50,0,41,288,6144,440,24961,24889,24961
tradition,vancian-memorization,vancian-memorization,integration-r2-v1,20260811,0,92,2173957900,permissive-breadth,ascended,2,962,220,219,24,11,205,5187,79,983,911,983
tradition,vancian-memorization,vancian-memorization,integration-r2-v1,20260811,0,93,533426365,narrow-depth,truncated,0,2400,3,2,0,2,40,55,47,17863,17791,17863
tradition,vancian-memorization,vancian-memorization,integration-r2-v1,20260811,0,94,3187862126,denial-warden,stagnated,3,507,2,1,0,2,20,20,17,269,197,269
tradition,vancian-memorization,vancian-memorization,integration-r2-v1,20260811,0,95,1547330591,archivist,truncated,0,2400,51,50,0,50,241,6144,2850,15505,15433,15505
tradition,vancian-memorization,vancian-memorization,integration-r2-v1,20260811,0,96,4201766352,portal-rush,truncated,0,2400,51,50,0,39,104,2063,71,17953,17881,17953
tradition,vancian-memorization,vancian-memorization,integration-r2-v1,20260811,0,97,2561234817,worship-maximizer,truncated,0,2400,51,50,0,29,73,2179,68,17983,17911,17983
tradition,vancian-memorization,vancian-memorization,integration-r2-v1,20260811,0,98,920703282,idle-then-declare,truncated,0,2400,51,50,0,51,107,2543,84,18087,18015,18087
tradition,vancian-memorization,vancian-memorization,integration-r2-v1,20260811,0,99,3575139043,permit-then-idle,ascended,2,962,218,217,28,1,242,2976,57,1132,1060,1132
tradition,art-of-memory,art-of-memory,integration-r2-v1,20260811,0,0,2779003760,passive-control,stagnated,3,624,28,27,0,0,0,146,18,258,186,258
tradition,art-of-memory,art-of-memory,integration-r2-v1,20260811,0,1,1138472225,uniform-random-legal,truncated,0,2400,28,27,0,0,0,2261,349,21949,21877,21949
tradition,art-of-memory,art-of-memory,integration-r2-v1,20260811,0,2,3792907986,permissive-breadth,truncated,0,2400,22,21,0,0,0,364,59,17393,17321,17393
tradition,art-of-memory,art-of-memory,integration-r2-v1,20260811,0,3,2152376451,narrow-depth,stagnated,3,512,3,2,0,0,0,33,17,284,212,284
tradition,art-of-memory,art-of-memory,integration-r2-v1,20260811,0,4,511844916,denial-warden,truncated,0,2400,0,-1,0,0,0,0,65,17387,17315,17387
tradition,art-of-memory,art-of-memory,integration-r2-v1,20260811,0,5,3166280677,archivist,truncated,0,2400,29,28,0,0,0,3537,2503,12161,12089,12161
tradition,art-of-memory,art-of-memory,integration-r2-v1,20260811,0,6,1525749142,portal-rush,truncated,0,2400,27,26,-1,0,0,458,59,17418,17346,17418
tradition,art-of-memory,art-of-memory,integration-r2-v1,20260811,0,7,4180184903,worship-maximizer,truncated,0,2400,22,21,0,0,0,433,60,17971,17899,17971
tradition,art-of-memory,art-of-memory,integration-r2-v1,20260811,0,8,2539653368,idle-then-declare,truncated,0,2400,26,25,0,0,0,639,74,17575,17503,17575
tradition,art-of-memory,art-of-memory,integration-r2-v1,20260811,0,9,899121833,permit-then-idle,stagnated,3,528,20,19,-5,0,0,97,16,256,184,256
tradition,art-of-memory,art-of-memory,integration-r2-v1,20260811,0,10,3553557594,passive-control,truncated,0,2400,23,22,0,0,0,445,63,17951,17879,17951
tradition,art-of-memory,art-of-memory,integration-r2-v1,20260811,0,11,1913026059,uniform-random-legal,truncated,0,2400,32,31,-1,0,0,2407,318,22426,22354,22426
tradition,art-of-memory,art-of-memory,integration-r2-v1,20260811,0,12,272494524,permissive-breadth,truncated,0,2400,23,22,-5,0,0,446,62,17813,17741,17813
tradition,art-of-memory,art-of-memory,integration-r2-v1,20260811,0,13,2926930285,narrow-depth,stagnated,3,513,3,2,0,0,0,21,13,167,95,167
tradition,art-of-memory,art-of-memory,integration-r2-v1,20260811,0,14,1286398750,denial-warden,stagnated,3,509,0,-1,0,0,0,0,18,239,167,239
tradition,art-of-memory,art-of-memory,integration-r2-v1,20260811,0,15,3940834511,archivist,truncated,0,2400,31,30,0,0,0,3878,2831,11110,11038,11110
tradition,art-of-memory,art-of-memory,integration-r2-v1,20260811,0,16,2300302976,portal-rush,truncated,0,2400,30,29,0,0,0,497,70,17736,17664,17736
tradition,art-of-memory,art-of-memory,integration-r2-v1,20260811,0,17,659771441,worship-maximizer,stagnated,3,629,29,28,0,0,0,157,17,315,243,315
tradition,art-of-memory,art-of-memory,integration-r2-v1,20260811,0,18,3314207202,idle-then-declare,stagnated,3,583,27,26,0,0,0,159,27,340,268,340
tradition,art-of-memory,art-of-memory,integration-r2-v1,20260811,0,19,1673675667,permit-then-idle,truncated,0,2400,24,23,-1,0,0,448,59,17236,17164,17236
tradition,art-of-memory,art-of-memory,integration-r2-v1,20260811,0,20,33144132,passive-control,truncated,0,2400,25,24,0,0,0,591,79,18333,18261,18333
tradition,art-of-memory,art-of-memory,integration-r2-v1,20260811,0,21,2687579893,uniform-random-legal,truncated,0,2400,31,30,-1,0,0,2674,515,26985,26913,26985
tradition,art-of-memory,art-of-memory,integration-r2-v1,20260811,0,22,1047048358,permissive-breadth,truncated,0,2400,21,20,0,0,0,469,65,18365,18293,18365
tradition,art-of-memory,art-of-memory,integration-r2-v1,20260811,0,23,3701484119,narrow-depth,stagnated,3,513,3,2,0,0,0,22,14,222,150,222
tradition,art-of-memory,art-of-memory,integration-r2-v1,20260811,0,24,2060952584,denial-warden,stagnated,3,511,0,-1,0,0,0,0,16,206,134,206
tradition,art-of-memory,art-of-memory,integration-r2-v1,20260811,0,25,420421049,archivist,truncated,0,2400,29,28,-6,0,0,3832,2864,14395,14323,14395
tradition,art-of-memory,art-of-memory,integration-r2-v1,20260811,0,26,3074856810,portal-rush,truncated,0,2400,24,23,-1,0,0,481,63,17507,17435,17507
tradition,art-of-memory,art-of-memory,integration-r2-v1,20260811,0,27,1434325275,worship-maximizer,truncated,0,2400,22,21,0,0,0,469,67,18208,18136,18208
tradition,art-of-memory,art-of-memory,integration-r2-v1,20260811,0,28,4088761036,idle-then-declare,truncated,0,2400,27,26,0,0,0,589,81,17490,17418,17490
tradition,art-of-memory,art-of-memory,integration-r2-v1,20260811,0,29,2448229501,permit-then-idle,stagnated,3,553,24,23,0,0,0,118,21,237,165,237
tradition,art-of-memory,art-of-memory,integration-r2-v1,20260811,0,30,807697966,passive-control,truncated,0,2400,28,27,0,0,0,550,64,17906,17834,17906
tradition,art-of-memory,art-of-memory,integration-r2-v1,20260811,0,31,3462133727,uniform-random-legal,truncated,0,2400,27,26,0,0,0,1965,287,22698,22626,22698
tradition,art-of-memory,art-of-memory,integration-r2-v1,20260811,0,32,1821602192,permissive-breadth,truncated,0,2400,23,22,-1,0,0,624,81,18234,18162,18234
tradition,art-of-memory,art-of-memory,integration-r2-v1,20260811,0,33,181070657,narrow-depth,truncated,0,2400,3,2,0,0,0,69,56,17711,17639,17711
tradition,art-of-memory,art-of-memory,integration-r2-v1,20260811,0,34,2835506418,denial-warden,truncated,0,2400,0,-1,0,0,0,0,74,17876,17804,17876
tradition,art-of-memory,art-of-memory,integration-r2-v1,20260811,0,35,1194974883,archivist,truncated,0,2400,33,32,0,0,0,3501,3186,12673,12601,12673
tradition,art-of-memory,art-of-memory,integration-r2-v1,20260811,0,36,3849410644,portal-rush,truncated,0,2400,29,28,0,0,0,506,69,18068,17996,18068
tradition,art-of-memory,art-of-memory,integration-r2-v1,20260811,0,37,2208879109,worship-maximizer,truncated,0,2400,29,28,0,0,0,553,66,17606,17534,17606
tradition,art-of-memory,art-of-memory,integration-r2-v1,20260811,0,38,568347574,idle-then-declare,truncated,0,2400,23,22,0,0,0,484,61,18256,18184,18256
tradition,art-of-memory,art-of-memory,integration-r2-v1,20260811,0,39,3222783335,permit-then-idle,truncated,0,2400,26,25,-1,0,0,565,73,17948,17876,17948
tradition,art-of-memory,art-of-memory,integration-r2-v1,20260811,0,40,1582251800,passive-control,truncated,0,2400,23,22,5,0,0,569,62,18446,18374,18446
tradition,art-of-memory,art-of-memory,integration-r2-v1,20260811,0,41,4236687561,uniform-random-legal,truncated,0,2400,29,28,0,0,0,2504,385,25202,25130,25202
tradition,art-of-memory,art-of-memory,integration-r2-v1,20260811,0,42,2596156026,permissive-breadth,stagnated,3,551,27,26,0,0,0,160,19,225,153,225
tradition,art-of-memory,art-of-memory,integration-r2-v1,20260811,0,43,955624491,narrow-depth,truncated,0,2400,3,2,0,0,0,42,74,17881,17809,17881
tradition,art-of-memory,art-of-memory,integration-r2-v1,20260811,0,44,3610060252,denial-warden,stagnated,3,509,0,-1,0,0,0,0,14,237,165,237
tradition,art-of-memory,art-of-memory,integration-r2-v1,20260811,0,45,1969528717,archivist,truncated,0,2400,31,30,0,0,0,3516,2564,10906,10834,10906
tradition,art-of-memory,art-of-memory,integration-r2-v1,20260811,0,46,328997182,portal-rush,truncated,0,2400,28,27,0,0,0,542,70,18609,18537,18609
tradition,art-of-memory,art-of-memory,integration-r2-v1,20260811,0,47,2983432943,worship-maximizer,truncated,0,2400,24,23,0,0,0,444,66,17782,17710,17782
tradition,art-of-memory,art-of-memory,integration-r2-v1,20260811,0,48,1342901408,idle-then-declare,truncated,0,2400,26,25,0,0,0,541,68,17946,17874,17946
tradition,art-of-memory,art-of-memory,integration-r2-v1,20260811,0,49,3997337169,permit-then-idle,stagnated,3,552,22,21,0,0,0,121,26,325,253,325
tradition,art-of-memory,art-of-memory,integration-r2-v1,20260811,0,50,2356805634,passive-control,truncated,0,2400,28,27,0,0,0,496,69,18187,18115,18187
tradition,art-of-memory,art-of-memory,integration-r2-v1,20260811,0,51,716274099,uniform-random-legal,truncated,0,2400,29,28,-2,0,0,2507,462,27019,26947,27019
tradition,art-of-memory,art-of-memory,integration-r2-v1,20260811,0,52,3370709860,permissive-breadth,stagnated,3,551,19,18,0,0,0,158,20,310,238,310
tradition,art-of-memory,art-of-memory,integration-r2-v1,20260811,0,53,1730178325,narrow-depth,truncated,0,2400,3,2,0,0,0,61,64,17611,17539,17611
tradition,art-of-memory,art-of-memory,integration-r2-v1,20260811,0,54,89646790,denial-warden,stagnated,3,509,0,-1,0,0,0,0,25,277,205,277
tradition,art-of-memory,art-of-memory,integration-r2-v1,20260811,0,55,2744082551,archivist,truncated,0,2400,26,25,-1,0,0,3872,2946,13889,13817,13889
tradition,art-of-memory,art-of-memory,integration-r2-v1,20260811,0,56,1103551016,portal-rush,truncated,0,2400,26,25,-8,0,0,556,71,17563,17491,17563
tradition,art-of-memory,art-of-memory,integration-r2-v1,20260811,0,57,3757986777,worship-maximizer,truncated,0,2400,31,30,0,0,0,680,73,18027,17955,18027
tradition,art-of-memory,art-of-memory,integration-r2-v1,20260811,0,58,2117455242,idle-then-declare,truncated,0,2400,21,20,0,0,0,518,65,17548,17476,17548
tradition,art-of-memory,art-of-memory,integration-r2-v1,20260811,0,59,476923707,permit-then-idle,truncated,0,2400,24,23,-1,0,0,533,74,17741,17669,17741
tradition,art-of-memory,art-of-memory,integration-r2-v1,20260811,0,60,3131359468,passive-control,truncated,0,2400,27,26,0,0,0,589,76,17822,17750,17822
tradition,art-of-memory,art-of-memory,integration-r2-v1,20260811,0,61,1490827933,uniform-random-legal,truncated,0,2400,29,28,0,0,0,2288,381,24002,23930,24002
tradition,art-of-memory,art-of-memory,integration-r2-v1,20260811,0,62,4145263694,permissive-breadth,truncated,0,2400,23,22,-1,0,0,480,70,17930,17858,17930
tradition,art-of-memory,art-of-memory,integration-r2-v1,20260811,0,63,2504732159,narrow-depth,truncated,0,2400,3,2,0,0,0,52,61,17360,17288,17360
tradition,art-of-memory,art-of-memory,integration-r2-v1,20260811,0,64,864200624,denial-warden,stagnated,3,508,0,-1,0,0,0,0,19,268,196,268
tradition,art-of-memory,art-of-memory,integration-r2-v1,20260811,0,65,3518636385,archivist,truncated,0,2400,26,25,0,0,0,3509,2739,11053,10981,11053
tradition,art-of-memory,art-of-memory,integration-r2-v1,20260811,0,66,1878104850,portal-rush,stagnated,3,608,29,28,-3,0,0,146,23,339,267,339
tradition,art-of-memory,art-of-memory,integration-r2-v1,20260811,0,67,237573315,worship-maximizer,stagnated,3,629,28,27,0,0,0,136,16,245,173,247
tradition,art-of-memory,art-of-memory,integration-r2-v1,20260811,0,68,2892009076,idle-then-declare,truncated,0,2400,25,24,1,0,0,456,52,17338,17266,17338
tradition,art-of-memory,art-of-memory,integration-r2-v1,20260811,0,69,1251477541,permit-then-idle,truncated,0,2400,22,21,-1,0,0,541,67,17531,17459,17531
tradition,art-of-memory,art-of-memory,integration-r2-v1,20260811,0,70,3905913302,passive-control,truncated,0,2400,29,28,0,0,0,529,71,18341,18269,18341
tradition,art-of-memory,art-of-memory,integration-r2-v1,20260811,0,71,2265381767,uniform-random-legal,truncated,0,2400,30,29,0,0,0,2426,433,25343,25271,25343
tradition,art-of-memory,art-of-memory,integration-r2-v1,20260811,0,72,624850232,permissive-breadth,stagnated,3,551,25,24,0,0,0,146,16,202,130,202
tradition,art-of-memory,art-of-memory,integration-r2-v1,20260811,0,73,3279285993,narrow-depth,truncated,0,2400,3,2,0,0,0,100,72,17443,17371,17443
tradition,art-of-memory,art-of-memory,integration-r2-v1,20260811,0,74,1638754458,denial-warden,truncated,0,2400,0,-1,0,0,0,0,75,18601,18529,18601
tradition,art-of-memory,art-of-memory,integration-r2-v1,20260811,0,75,4293190219,archivist,truncated,0,2400,32,31,-1,0,0,3318,2677,14562,14490,14562
tradition,art-of-memory,art-of-memory,integration-r2-v1,20260811,0,76,2652658684,portal-rush,truncated,0,2400,24,23,0,0,0,472,64,17756,17684,17756
tradition,art-of-memory,art-of-memory,integration-r2-v1,20260811,0,77,1012127149,worship-maximizer,truncated,0,2400,26,25,-1,0,0,529,72,18390,18318,18390
tradition,art-of-memory,art-of-memory,integration-r2-v1,20260811,0,78,3666562910,idle-then-declare,truncated,0,2400,28,27,-1,0,0,557,63,17913,17841,17913
tradition,art-of-memory,art-of-memory,integration-r2-v1,20260811,0,79,2026031375,permit-then-idle,truncated,0,2400,23,22,-2,0,0,590,80,17680,17608,17680
tradition,art-of-memory,art-of-memory,integration-r2-v1,20260811,0,80,385499840,passive-control,truncated,0,2400,25,24,0,0,0,604,71,18016,17944,18016
tradition,art-of-memory,art-of-memory,integration-r2-v1,20260811,0,81,3039935601,uniform-random-legal,truncated,0,2400,32,31,-1,0,0,2123,319,24041,23969,24041
tradition,art-of-memory,art-of-memory,integration-r2-v1,20260811,0,82,1399404066,permissive-breadth,stagnated,3,530,21,20,0,0,0,109,13,237,165,237
tradition,art-of-memory,art-of-memory,integration-r2-v1,20260811,0,83,4053839827,narrow-depth,stagnated,3,513,3,2,0,0,0,33,19,287,215,287
tradition,art-of-memory,art-of-memory,integration-r2-v1,20260811,0,84,2413308292,denial-warden,stagnated,3,506,0,-1,0,0,0,0,22,243,171,243
tradition,art-of-memory,art-of-memory,integration-r2-v1,20260811,0,85,772776757,archivist,truncated,0,2400,29,28,0,0,0,3403,4031,16858,16786,16858
tradition,art-of-memory,art-of-memory,integration-r2-v1,20260811,0,86,3427212518,portal-rush,stagnated,3,609,28,27,0,0,0,87,15,310,238,310
tradition,art-of-memory,art-of-memory,integration-r2-v1,20260811,0,87,1786680983,worship-maximizer,stagnated,3,582,27,26,0,0,0,133,17,239,167,239
tradition,art-of-memory,art-of-memory,integration-r2-v1,20260811,0,88,146149448,idle-then-declare,truncated,0,2400,27,26,-3,0,0,436,64,17383,17311,17383
tradition,art-of-memory,art-of-memory,integration-r2-v1,20260811,0,89,2800585209,permit-then-idle,stagnated,3,531,22,21,0,0,0,149,21,223,151,223
tradition,art-of-memory,art-of-memory,integration-r2-v1,20260811,0,90,1160053674,passive-control,truncated,0,2400,31,30,0,0,0,517,72,18074,18002,18074
tradition,art-of-memory,art-of-memory,integration-r2-v1,20260811,0,91,3814489435,uniform-random-legal,truncated,0,2400,23,22,-1,0,0,2063,421,25418,25346,25418
tradition,art-of-memory,art-of-memory,integration-r2-v1,20260811,0,92,2173957900,permissive-breadth,truncated,0,2400,22,21,-4,0,0,529,66,17925,17853,17925
tradition,art-of-memory,art-of-memory,integration-r2-v1,20260811,0,93,533426365,narrow-depth,stagnated,3,513,3,2,0,0,0,27,22,267,195,267
tradition,art-of-memory,art-of-memory,integration-r2-v1,20260811,0,94,3187862126,denial-warden,truncated,0,2400,0,-1,0,0,0,0,78,17681,17609,17681
tradition,art-of-memory,art-of-memory,integration-r2-v1,20260811,0,95,1547330591,archivist,truncated,0,2400,31,30,0,0,0,4453,3033,14705,14633,14705
tradition,art-of-memory,art-of-memory,integration-r2-v1,20260811,0,96,4201766352,portal-rush,truncated,0,2400,24,23,1,0,0,662,80,17960,17888,17960
tradition,art-of-memory,art-of-memory,integration-r2-v1,20260811,0,97,2561234817,worship-maximizer,stagnated,3,607,30,29,0,0,0,184,23,299,227,299
tradition,art-of-memory,art-of-memory,integration-r2-v1,20260811,0,98,920703282,idle-then-declare,truncated,0,2400,30,29,0,0,0,661,80,18888,18816,18888
tradition,art-of-memory,art-of-memory,integration-r2-v1,20260811,0,99,3575139043,permit-then-idle,truncated,0,2400,22,21,-2,0,0,480,67,17854,17782,17854
